id,name,synonyms,category,kcal,fat,protein
10533,Agar Agar,,Verschiedenes/Gelier- und Bindemittel,160,0.2,2.4
10536,Agavensirup,Agavendicksaft,Süssigkeiten/Zucker und Süssstoffe,293,0,0.2
1478,"Älplermagronen, zubereitet",,Gerichte/Sonstige salzige/rezente Gerichte,184,9,6.1
868,Amaretti (Mandelgebäck),,Süssigkeiten/Guetzli,451,12.4,7.6
617,"Ananas, gezuckert (Konserve)",,Früchte/Früchte gekocht (inkl. Konserven),87,0.2,0.4
377,"Ananas, roh",,Früchte/Früchte frisch,51,0.2,0.4
618,"Ananas, ungezuckert (Konserve)",,Früchte/Früchte gekocht (inkl. Konserven),51,0.2,0.4
1049,"Apfel, gedünstet, abgetropft (ohne Zugabe von Zucker)",,Früchte/Früchte gekocht (inkl. Konserven),72,0.4,0.4
435,"Apfel, geschält, getrocknet",Dörrapfel,Früchte/Früchte getrocknet,295,2,1.5
378,"Apfel, roh",,Früchte/Früchte frisch,55,0.3,0.3
1479,"Apfelkuchen, gebacken (mit Blätterteig)",Apfelwähe,"Süssigkeiten/Kuchen, Torten und Cake;Gerichte/Kuchen und Gratins",142,7,2.3
1480,"Apfelkuchen, gebacken (mit Kuchenteig)",Apfelwähe,"Süssigkeiten/Kuchen, Torten und Cake;Gerichte/Kuchen und Gratins",134,4.9,2.7
627,"Apfelmus, gezuckert (Konserve)",,Früchte/Früchte gekocht (inkl. Konserven),90,0.3,0.3
628,"Apfelmus, ungezuckert (Konserve)",,Früchte/Früchte gekocht (inkl. Konserven),55,0.3,0.3
568,Apfelsaft,Süssmost,Früchte/Fruchtsäfte;Alkoholfreie Getränke/Frucht- und Gemüsesäfte,44,0.1,0.1
512,"Apfelwein, 4 vol%",Apfelmost;Saurer Most;Cider,Alkoholhaltige Getränke/Wein,32,0,0
513,"Apfelwein, 6.2 vol%",Apfelmost;Saurer Most;Cider,Alkoholhaltige Getränke/Wein,64,0,0
554,"Appenzeller, viertelfett",,Milch und Milchprodukte/Hartkäse,238,11.4,33.8
553,"Appenzeller, vollfett",,Milch und Milchprodukte/Hartkäse,386,31.7,24.8
1051,"Aprikose, gedünstet, abgetropft (ohne Zugabe von Zucker)",Marille,Früchte/Früchte gekocht (inkl. Konserven),60,0.1,1
469,"Aprikose, getrocknet",Dörraprikose,Früchte/Früchte getrocknet,275,0.5,5
621,"Aprikose, gezuckert (Konserve)",Marille,Früchte/Früchte gekocht (inkl. Konserven),84,0.1,0.7
379,"Aprikose, roh",Marille,Früchte/Früchte frisch,48,0.1,0.8
623,"Aprikose, ungezuckert (Konserve)",Marille,Früchte/Früchte gekocht (inkl. Konserven),48,0.1,0.8
1481,"Aprikosenkuchen, gebacken (mit Blätterteig)",Aprikosenwähe,"Süssigkeiten/Kuchen, Torten und Cake;Gerichte/Kuchen und Gratins",137,6.8,2.6
1482,"Aprikosenkuchen, gebacken (mit Kuchenteig)",Aprikosenwähe,"Süssigkeiten/Kuchen, Torten und Cake;Gerichte/Kuchen und Gratins",128,4.7,3
1003,"Aubergine, gedünstet (ohne Zugabe von Fett und Salz)",Eierfrucht,Gemüse/Gemüse gekocht (inkl. Konserven),28,0.2,1.2
349,"Aubergine, roh",Eierfrucht,Gemüse/Gemüse frisch,23,0.2,1
1659,"Auberginen-Piccata, zubereitet",,Gerichte/Sonstige salzige/rezente Gerichte,169,11.8,5.3
1658,"Auberginenscheiben, paniert, zubereitet",,Gerichte/Sonstige salzige/rezente Gerichte,139,5.9,4.8
10353,Aufschnitt (Durchschnitt),,Fleisch- und Wurstwaren/Brühwurstware,289,25.5,14.1
380,"Avocado, roh",,"Gemüse/Gemüse frisch;Nüsse, Samen und Ölfrüchte",144,14.2,1.8
763,"Bäckerhefe, gepresst",Bierhefe,Verschiedenes/Hefe;Verschiedenes/Backzutaten,96,1.2,16.7
1577,"Bami Goreng, zubereitet",,Gerichte/Asiatische Gerichte,137,2.6,14
740,"Banane, gedörrt",Bananenchips,Früchte/Früchte getrocknet,370,1.8,3.9
741,"Banane, getrocknet",,Früchte/Früchte getrocknet,273,1,3
381,"Banane, roh",,Früchte/Früchte frisch,95,0.3,1.1
464,"Basilikum, roh",,Gemüse/Kräuter,46,0.8,3.1
1248,Basler Leckerli,,Süssigkeiten/Guetzli,404,7.6,6.9
13344,"Bauernbratwurst, gebraten (ohne Zusatz von Fett un Salz)",,Fleisch- und Wurstwaren/Rohwurstware,270,20.4,21.1
841,"Bauernbratwurst, roh",Schweinsbratwurst,Fleisch- und Wurstwaren/Rohwurstware,243,19.3,16.9
1268,Bauernbrot,Burebrot,"Brote, Flocken und Frühstückscerealien/Brote und Brotwaren",240,2,9
784,Bauernsalami,Salami nach Bauernart,Fleisch- und Wurstwaren/Rohwurstware,532,49.5,20.6
787,Bauernschüblig,,Fleisch- und Wurstwaren/Rohwurstware,524,48.5,21.3
271,Baumnuss,Walnuss,"Nüsse, Samen und Ölfrüchte",742,70.8,15.9
831,Baumnussbrot,,"Brote, Flocken und Frühstückscerealien/Brote und Brotwaren",338,18.6,8.9
12981,Béchamelsauce hausgemacht,,Verschiedenes/Saucen,148,9.9,4.3
1122,"Beeren (Durchschnitt), gekocht (ohne Zugabe von Zucker)",,Früchte/Früchte gekocht (inkl. Konserven),44,0.5,0.8
1119,"Beeren (Durchschnitt), roh",,Früchte/Früchte frisch,42,0.5,0.8
851,Berliner,Pfannkuchen,Süssigkeiten/Sonstige süsse Backwaren,326,12.8,8.4
1211,Berner Alpkäse,,Milch und Milchprodukte/Hartkäse,456,38.3,27.7
1212,Berner Hobelkäse,,Milch und Milchprodukte/Hartkäse,493,41.2,30.6
790,Berner Zungenwurst,,Fleisch- und Wurstwaren/Brühwurstware,334,29.4,17.3
859,Biber,,Süssigkeiten/Sonstige süsse Backwaren,464,19.9,10.3
1183,Bier Panache (Durchschnitt),,Alkoholhaltige Getränke/Bier,38,0,0.2
839,"Bierhefe, getrocknet",Bäckerhefe;Trockenhefe;Hefepulver,Speziallebensmittel/Supplemente;Verschiedenes/Hefe,354,4.2,47.9
789,Bierwurst,,Fleisch- und Wurstwaren/Brühwurstware,350,31.3,16.8
1198,"Birchermüesli, zubereitet (ungezuckert)",,Gerichte/Müesli,87,3.1,2.7
1050,"Birne, gedünstet, abgetropft (ohne Zugabe von Zucker)",,Früchte/Früchte gekocht (inkl. Konserven),75,0.4,0.5
433,"Birne, getrocknet",Dörrbirne;Trockenbirne,Früchte/Früchte getrocknet,288,1.4,2.4
620,"Birne, gezuckert (Konserve)",,Früchte/Früchte gekocht (inkl. Konserven),92,0.3,0.4
382,"Birne, roh",,Früchte/Früchte frisch,58,0.3,0.4
626,"Birne, ungezuckert (Konserve)",,Früchte/Früchte gekocht (inkl. Konserven),58,0.3,0.4
1483,"Birnenkuchen, gebacken (mit Blätterteig)",Birnenwähe,"Süssigkeiten/Kuchen, Torten und Cake;Gerichte/Kuchen und Gratins",144,7,2.4
1484,"Birnenkuchen, gebacken (mit Kuchenteig)",Birnenwähe,"Süssigkeiten/Kuchen, Torten und Cake;Gerichte/Kuchen und Gratins",136,4.9,2.8
562,Birnensaft,,Früchte/Fruchtsäfte;Alkoholfreie Getränke/Frucht- und Gemüsesäfte,50,0.5,0.5
862,Birnenweggen,,Süssigkeiten/Sonstige süsse Backwaren,358,10.4,5
579,Blanc battu,,Milch und Milchprodukte/Frischkäse und Quark,43,0.1,7.6
604,Blanc battu mit Früchten light,,Milch und Milchprodukte/Frischkäse und Quark,68,0.2,8
904,"Blätterteig hausgemacht (Butter), ungebacken",,"Getreideprodukte, Hülsenfrüchte und Kartoffeln/Teige",364,24.7,5.2
905,"Blätterteig hausgemacht (mit pflanzlichem Fett), ungebacken",,"Getreideprodukte, Hülsenfrüchte und Kartoffeln/Teige",358,24.1,5.2
849,"Blätterteigpastetli, Butter",,"Getreideprodukte, Hülsenfrüchte und Kartoffeln/Sonstige Getreideprodukte",564,40.5,5.8
928,Blätterteigstängel,Flûtes,Salzige Snacks/Blätterteiggebäcke,497,33.6,7.2
1165,"Blattgemüse (Durchschnitt exkl. Salate), gedämpft (ohne Zugabe von Salz)",,Gemüse/Gemüse gekocht (inkl. Konserven),23,0.3,1.6
1166,"Blattgemüse (Durchschnitt exkl. Salate), gedünstet (ohne Zugabe von Salz und Fett)",,Gemüse/Gemüse gekocht (inkl. Konserven),25,0.3,1.7
1164,"Blattgemüse (Durchschnitt exkl. Salate), gekocht (ohne Zugabe von Salz und Fett)",,Gemüse/Gemüse gekocht (inkl. Konserven),24,0.3,1.6
1127,"Blattsalat (Durchschnitt), roh ",,Gemüse/Gemüse frisch,18,0.3,1.6
1191,Blauschimmelkäse (Durchschnitt),,Milch und Milchprodukte/Hartkäse,361,31.5,19.1
1004,"Blumenkohl, gedämpft (ohne Zugabe von Salz)",,Gemüse/Gemüse gekocht (inkl. Konserven),27,0.3,2.5
350,"Blumenkohl, roh",,Gemüse/Gemüse frisch,26,0.3,2.4
778,Blutwurst,,Fleisch- und Wurstwaren/Kochwurstware,151,10.8,10.7
13388,"Bohne (alle Arten), gekocht (ohne Zugabe von Fett und Salz)",,"Getreideprodukte, Hülsenfrüchte und Kartoffeln/Hülsenfrüchte",114,0.6,7.8
13387,"Bohne (alle Arten), getrocknet",Weisse Bohne;Rote Bohne;Borlotti Bohne,"Getreideprodukte, Hülsenfrüchte und Kartoffeln/Hülsenfrüchte",305,1.5,20.9
1009,"Bohne, grün, gedämpft (ohne Zugabe von Salz)",Gartenbohne,Gemüse/Gemüse gekocht (inkl. Konserven),34,0.2,2.3
473,"Bohne, grün, getrocknet",Dörrbohne,Gemüse/Gemüse getrocknet,252,2,20.2
353,"Bohne, grün, roh",Gartenbohne,Gemüse/Gemüse frisch,31,0.2,2.1
653,Bolognaisesauce,Tomaten-Hackfleischsauce,Verschiedenes/Saucen,96,4,6.3
668,"Bouillon, Fleisch, zubereitet",Klare Brühe,Gerichte/Eintöpfe und Suppen,5,0.3,0.3
665,"Bouillon, Geflügel, zubereitet",Klare Brühe,Gerichte/Eintöpfe und Suppen,5,0.3,0.3
664,"Bouillon, Gemüse, zubereitet",Klare Brühe,Gerichte/Eintöpfe und Suppen,6,0.4,0.3
642,Branchli (Milchschokolade mit Haselnusscrèmefüllung),Schokoladenstängeli,Süssigkeiten/Schokolade und Kakaoerzeugnisse,557,36,7.6
518,Branntwein aus Getreide (z.B. Whisky),Getreideschnaps,Alkoholhaltige Getränke/Spirituosen,252,0,0
519,Branntwein aus Wein (z.B.Cognac),,Alkoholhaltige Getränke/Spirituosen,240,0,0
520,Branntwein aus Zuckerrohr (z.B. Rum),Zuckerrohrschnaps,Alkoholhaltige Getränke/Spirituosen,234,0,0
50,Bratbutter,,Fette und Öle/Fette;Milch und Milchprodukte/Rahm und Butter,885,98.3,0.1
650,"Bratensauce, gebunden",,Verschiedenes/Saucen,53,3,1.6
651,"Bratensauce, klar",,Verschiedenes/Saucen,44,2.5,1.5
705,Bresaola,,Fleisch- und Wurstwaren/Rohwurstware,166,3.9,32.4
10051,"Brie, halbfett",,Milch und Milchprodukte/Weichkäse,200,11.5,24
616,"Brie, Rahm",,Milch und Milchprodukte/Weichkäse,335,30,16
613,"Brie, vollfett",,Milch und Milchprodukte/Weichkäse,300,23.5,21.8
1005,"Broccoli, gedämpft (ohne Zugabe von Salz)",,Gemüse/Gemüse gekocht (inkl. Konserven),30,0.4,2.9
351,"Broccoli, roh",,Gemüse/Gemüse frisch,31,0.4,3
383,"Brombeere, roh",,Früchte/Früchte frisch,44,0.4,1
1594,"Brombeerkuchen, gebacken (mit Blätterteig)",Brombeerwähe,"Süssigkeiten/Kuchen, Torten und Cake;Gerichte/Kuchen und Gratins",135,7,2.8
1596,"Brombeerkuchen, gebacken (mit Kuchenteig)",Brombeerwähe,"Süssigkeiten/Kuchen, Torten und Cake;Gerichte/Kuchen und Gratins",126,4.9,3.2
1485,"Brombeerkuchen, gebacken (mit süssem Mürbeteig)",,"Süssigkeiten/Kuchen, Torten und Cake;Gerichte/Kuchen und Gratins",199,11.3,3.2
10446,Brot (Durchschnitt),,"Brote, Flocken und Frühstückscerealien/Brote und Brotwaren",265,4.7,9.2
1112,Brühwürste geräuchert (Durchschnitt),,Fleisch- und Wurstwaren/Brühwurstware,263,22.7,14.3
1113,Brühwürste ungeräuchert (Durchschnitt),,Fleisch- und Wurstwaren/Brühwurstware,256,22.2,13.2
371,"Brunnenkresse, roh",,Gemüse/Gemüse frisch,17,0.2,2.2
864,Brunsli,,Süssigkeiten/Guetzli,493,28.9,12.7
421,"Buchweizen, Korn geschält",,"Getreideprodukte, Hülsenfrüchte und Kartoffeln/Sonstige Getreideprodukte",343,1.7,9.1
420,Buchweizenmehl,,"Getreideprodukte, Hülsenfrüchte und Kartoffeln/Mehle und Stärke",344,2.8,12
669,Bündner Gerstensuppe,,Gerichte/Eintöpfe und Suppen,42,0.9,1.4
842,Bürli (halbweiss),,"Brote, Flocken und Frühstückscerealien/Brote und Brotwaren",216,1,8.6
836,"Buttergipfeli, hell",,"Brote, Flocken und Frühstückscerealien/Brote und Brotwaren",432,24.2,8.8
834,"Buttergipfeli, Vollkorn",Rusticogipfeli,"Brote, Flocken und Frühstückscerealien/Brote und Brotwaren",366,19.8,6.4
529,Buttermilch,,Milch und Milchprodukte/Milch- und Joghurtgetränke,33,0.5,3.2
822,Butterweggli,,"Brote, Flocken und Frühstückscerealien/Brote und Brotwaren",310,8.7,9.4
820,Butterzopf,,"Brote, Flocken und Frühstückscerealien/Brote und Brotwaren",326,11.4,9
1460,"Butterzopf, Vollkorn",,"Brote, Flocken und Frühstückscerealien/Brote und Brotwaren",272,6.4,9.4
1188,"Café crème, ungezuckert",,Alkoholfreie Getränke/Kaffee,14,1.1,0.3
877,Cake Financier,,"Süssigkeiten/Kuchen, Torten und Cake",426,25.5,9.8
10486,Calimocho (Rotwein mit Cola),,Alkoholfreie Getränke/Süssgetränke;Alkoholhaltige Getränke/Sonstige alkoholische Getränke,58,0,0
622,"Camembert, halbfett",,Milch und Milchprodukte/Weichkäse,178,10,22
619,"Camembert, Rahm",,Milch und Milchprodukte/Weichkäse,352,31.7,16.4
614,"Camembert, vollfett",,Milch und Milchprodukte/Weichkäse,299,23.7,21.2
1644,"Cannelloni mit Fleischfüllung, zubereitet",,Gerichte/Italienische Gerichte,193,9.9,10.4
1646,"Cannelloni mit Spinat-Ricotta-Füllung, zubereitet",,Gerichte/Italienische Gerichte,222,13.7,8.7
1121,"Cappuccino (ohne Schokoladenpulver), ungezuckert",,Milch und Milchprodukte/Milch- und Joghurtgetränke;Alkoholfreie Getränke/Kaffee,37,2.2,1.8
1692,"Capuns, zubereitet",Mangoldwickel,Gerichte/Sonstige salzige/rezente Gerichte,168,10.4,8.1
275,Cashewnuss,Cashewkern,"Nüsse, Samen und Ölfrüchte",593,45.2,18.2
1081,Cervelat,Chlöpfer;Stumpen;Bockwurst,Fleisch- und Wurstwaren/Brühwurstware,249,21.5,13.4
629,Champignon (Konserve),,Gemüse/Pilze,19,0.3,2.3
1037,"Champignon, gedünstet (ohne Zugabe von Fett und Salz)",,Gemüse/Pilze,27,0.4,3.5
375,"Champignon, roh",,Gemüse/Pilze,22,0.3,2.9
1006,"Chicorée, gedämpft (ohne Zugabe von Salz)",Brüsseler Endivie,Gemüse/Gemüse gekocht (inkl. Konserven),14,0.2,1
447,"Chicorée, roh",Brüsseler Endivie,Gemüse/Gemüse frisch,14,0.2,1
1648,"Chili con carne, zubereitet",,Gerichte/Eintöpfe und Suppen,125,4.4,10.8
1007,"Chinakohl, gedünstet (ohne Zugabe von Fett und Salz)",Pekingkohl;Selleriekohl;Japankohl,Gemüse/Gemüse gekocht (inkl. Konserven),16,0.3,1.2
437,"Chinakohl, roh",Pekingkohl;Selleriekohl;Japankohl,Gemüse/Gemüse frisch,16,0.3,1.1
867,Chräbeli (Anisgebäck),,Süssigkeiten/Guetzli,366,3,8.5
458,"Cicorino rot, roh",,Gemüse/Gemüse frisch,19,0.1,1.4
1683,"Cocktailsauce, selbst zubereitet mit Rapsöl-Mayonnaise",,Verschiedenes/Saucen,695,74.4,2.4
498,"Colagetränk, gezuckert",,Alkoholfreie Getränke/Süssgetränke,40,0,0
499,"Colagetränk, mit Süssstoffen",,Alkoholfreie Getränke/Süssgetränke energievermindert,0,0,0
1573,"Coleslaw Salat, zubereitet",,Gerichte/Salate,120,10.3,1.7
715,Coppa,,Fleisch- und Wurstwaren/Rohwurstware,319,22.5,28.8
1649,"Cordon Bleu aus Kalbsplätzli, gebraten",,Fleisch und Innereien/Kalb,240,11.4,23.9
1650,"Cordon Bleu aus Schweinsplätzli, gebraten",,Fleisch und Innereien/Schwein,249,12.2,24.2
940,Cornflakes,,"Brote, Flocken und Frühstückscerealien/Müeslimischungen und Frühstückscerealien",359,0.6,7.2
758,Cotechino,,Fleisch- und Wurstwaren/Kochwurstware,450,42.3,17.2
1093,Cotto (Fleischerzeugnis),,Fleisch- und Wurstwaren/Kochwurstware,93,3.1,15.7
950,"Cracker, Salzgebäck, Apérogebäck",,Salzige Snacks/Salzsticks und Bretzel,449,15.9,9.2
924,Crèmeschnitte,,Süssigkeiten/Sonstige süsse Backwaren,318,18.3,3.5
1489,"Crêpes mit Camembert, zubereitet",,Gerichte/Sonstige salzige/rezente Gerichte,249,15.6,11.9
1491,"Crêpes mit Champignonfüllung, zubereitet",,Gerichte/Sonstige salzige/rezente Gerichte,137,9,5.3
1493,"Crêpes mit Gemüsefüllung, zubereitet",,Gerichte/Sonstige salzige/rezente Gerichte,165,9.3,6
1494,"Crêpes mit Nutella, zubereitet",,Gerichte/Sonstige süsse Gerichte,376,22.1,7.7
1495,"Crêpes mit Schinken, zubereitet",,Gerichte/Sonstige salzige/rezente Gerichte,193,9.8,12.8
1496,"Crêpes mit Speck, zubereitet",,Gerichte/Sonstige salzige/rezente Gerichte,253,16.4,11.2
1488,"Crêpes mit Zimt und Zucker, zubereitet",,Gerichte/Sonstige süsse Gerichte,256,11.7,8.2
1487,"Crêpes nature, zubereitet",,Gerichte/Sonstige salzige/rezente Gerichte,234,13.3,9.3
1498,"Crevettencocktail, zubereitet",,Gerichte/Salate,174,13.2,5.5
384,"Dattel, getrocknet",,Früchte/Früchte getrocknet,305,0.5,2.5
1041,"Dinkelmehl, Ruch, Typ 1100",,"Getreideprodukte, Hülsenfrüchte und Kartoffeln/Mehle und Stärke",348,2.2,14.3
1042,"Dinkelmehl, Vollkorn, Typ 1900",,"Getreideprodukte, Hülsenfrüchte und Kartoffeln/Mehle und Stärke",346,2.7,15.6
1043,"Dinkelmehl, weiss, Typ 550",,"Getreideprodukte, Hülsenfrüchte und Kartoffeln/Mehle und Stärke",348,1.5,13.3
589,Distelöl,,Fette und Öle/Öle,806,89.6,0
798,"Doppelrahm, pasteurisiert",,Fette und Öle/Rahm;Milch und Milchprodukte/Rahm und Butter,425,45,2.1
13350,"Dorsch, Filet, gedämpft (ohne Zusatz von Fett und Salz)",,Fisch/Meeresfische,95,0.5,22.6
285,"Dorsch, roh",Kabeljau,Fisch/Meeresfische,76,0.4,18.1
10535,Dulce de Leche,Milchkonfitüre,Süssigkeiten/Konfitüren und süsse Brotaufstriche,300,7.3,5.9
272,"Edelkastanie, roh",Marroni,"Nüsse, Samen und Ölfrüchte",198,1.5,2.9
765,"Egli, roh",Flussbarsch,Fisch/Süsswasserfische,78,0.7,18
1502,"Eieromeletten mit Käse, zubereitet",Französische Omeletten,Gerichte/Sonstige salzige/rezente Gerichte,195,14.9,13.8
1501,"Eieromeletten mit Schinken, zubereitet",Französische Omeletten,Gerichte/Sonstige salzige/rezente Gerichte,146,10,12.6
1503,"Eieromeletten mit Speck, zubereitet",Französische Omeletten,Gerichte/Sonstige salzige/rezente Gerichte,182,14.2,12.3
1500,"Eieromeletten, zubereitet",Französische Omeletten,Gerichte/Sonstige salzige/rezente Gerichte,154,11.5,11.1
1038,"Eierschwamm, gedünstet (ohne Zugabe von Fett und Salz)",Pfifferling,Gemüse/Pilze,26,0.6,2
376,"Eierschwamm, roh",Pfifferling,Gemüse/Pilze,21,0.5,1.6
459,"Eisbergsalat, roh",,Gemüse/Gemüse frisch,16,0.2,1
804,"Eistee, gezuckert",,Alkoholfreie Getränke/Süssgetränke;Alkoholfreie Getränke/Tee,30,0,0
555,"Emmentaler, vollfett",,Milch und Milchprodukte/Hartkäse,411,32.6,29
467,"Endivie, roh",Frisée Salat,Gemüse/Gemüse frisch,16,0.2,1.8
902,Engadiner Nusstorte,,"Süssigkeiten/Kuchen, Torten und Cake",486,28.3,7
630,Erbse (Konserve) ,,Gemüse/Gemüse gekocht (inkl. Konserven),88,0.8,4.8
1011,"Erbse (Konserve), aufgewärmt (ohne Zugabe von Salz)",,Gemüse/Gemüse gekocht (inkl. Konserven),94,0.9,5.1
1010,"Erbse, grün, gedämpft (ohne Zugabe von Salz)",,Gemüse/Gemüse gekocht (inkl. Konserven),104,0.8,6.9
369,"Erbse, grün, roh",,Gemüse/Gemüse frisch,90,0.7,6
13389,"Erbse, reif, getrocknet","Erbse, geschält, getrocknet","Getreideprodukte, Hülsenfrüchte und Kartoffeln/Hülsenfrüchte",331,1.7,21.3
13390,"Erbse, reif, getrocknet, gekocht (ohne Zusatz von Fett und Salz)",,"Getreideprodukte, Hülsenfrüchte und Kartoffeln/Hülsenfrüchte",142,0.7,9.1
815,Erbsen und Karotten (Konserve),,Gemüse/Gemüse gekocht (inkl. Konserven),67,0.5,3.8
1034,"Erbsen und Karotten (Konserve), aufgewärmt (ohne Zugabe von Salz)",,Gemüse/Gemüse gekocht (inkl. Konserven),71,0.5,4
385,"Erdbeere, roh",,Früchte/Früchte frisch,40,0.5,0.7
282,Erdnuss,,"Nüsse, Samen und Ölfrüchte",600,48.5,26
681,Erdnuss-Flips,,Salzige Snacks/Chips,506,24.2,13.2
407,"Erdnuss, geröstet",,"Nüsse, Samen und Ölfrüchte",593,49,25.3
751,Erdnussbutter,,Süssigkeiten/Konfitüren und süsse Brotaufstriche,638,53.7,22.6
596,Erdnussöl,,Fette und Öle/Öle,809,89.9,0
1190,"Espresso crème, ungezuckert",,Alkoholfreie Getränke/Kaffee,28,2.5,0.5
1693,Essig,,"Verschiedenes/Salz, Gewürze und Aromen",22,0,0.1
1199,Essig-Öl-Salatsauce (mit Rapsöl),,Fette und Öle/Salatsaucen,326,33,0.7
387,"Feige, getrocknet",Dörrfeige,Früchte/Früchte getrocknet,273,1.2,3.2
386,"Feige, roh",,Früchte/Früchte frisch,74,0.3,0.9
211,"Felche, roh",,Fisch/Süsswasserfische,101,2.7,19.2
1008,"Fenchel, gedämpft (ohne Zugabe von Salz)",,Gemüse/Gemüse gekocht (inkl. Konserven),23,0.3,1.1
352,"Fenchel, roh",,Gemüse/Gemüse frisch,23,0.3,1.1
13345,"Fisch (Durchschnitt), Filet, gedämpft (ohne Zusatz von Fett und Salz)",,Fisch,171,7.8,25.3
1098,"Fisch (Durchschnitt), roh ",,Fisch/Süsswasserfische;Fisch/Meeresfische,137,6.2,20.2
1168,"Fischstäbchen (paniert und vorfritiert), gebraten in HOLL-Rapsöl",,Fisch/Meeresfische,310,19.1,17.6
1169,"Fischstäbchen (paniert und vorfritiert), im Ofen gebacken (ohne Zugabe von Fett)",,Fisch/Meeresfische,264,13.2,18.4
773,"Fischstäbchen, paniert und vorfritiert",,Fisch/Meeresfische,232,11.6,16.2
1504,"Flammenkuchen, gebacken",Flammkuchen,Gerichte/Kuchen und Gratins,268,15.1,9.3
1111,"Fleisch (Durchschnitt exkl. Innereien), roh ",,"Fleisch und Innereien/Kalb;Fleisch und Innereien/Geflügel;Fleisch und Innereien/Lamm, Schaf;Fleisch und Innereien/Rind;Fleisch und Innereien/Schwein;Fleisch und Innereien/Wild",145,6.6,21.5
1084,Fleischkäse,,Fleisch- und Wurstwaren/Brühwurstware,256,22.3,12.5
1664,"Fleischlasagne, zubereitet",,Gerichte/Italienische Gerichte,156,6.9,9.7
13351,"Flunder, Filet, gedämpft (ohne Zusatz von Fett und Salz)",,Fisch/Meeresfische,90,0.9,20.6
481,"Flunder, roh",,Fisch/Meeresfische,72,0.7,16.5
1476,"Fondue alkoholfrei, zubereitet",,Gerichte/Sonstige salzige/rezente Gerichte,281,21.8,19.4
797,"Fondue klassisch, zubereitet",,Gerichte/Sonstige salzige/rezente Gerichte,308,23.1,20.6
1475,"Fondue moitié-moitié, zubereitet",,Gerichte/Sonstige salzige/rezente Gerichte,282,21.4,17.6
13349,"Forelle, ganz, gekocht (ohne Zusatz von Fett und Salz)",,Fisch/Süsswasserfische,159,8.8,20
289,"Forelle, roh",Bachforelle,Fisch/Süsswasserfische,127,7,16
1515,Fotzelschnitte ungezuckert,,Gerichte/Sonstige süsse Gerichte,224,10,8
536,Freiburger Vacherin,,Milch und Milchprodukte/Hartkäse,372,30.4,24
567,"Frischkäse, Doppelrahm",,Milch und Milchprodukte/Frischkäse und Quark,338,32.1,7.9
1124,"Früchte (Durchschnitt), gekocht (ohne Zugabe von Zucker)",,Früchte/Früchte gekocht (inkl. Konserven),64,0.4,0.6
1120,"Früchte (Durchschnitt), getrocknet","Dörrfrüchte (Durchschnitt);Früchte, gedörrt (Durchschnitt)",Früchte/Früchte getrocknet,276,0.9,2.8
1123,"Früchte (Durchschnitt), roh",,Früchte/Früchte frisch,57,0.3,0.7
1131,"Fruchtsaft-Schorle (Durchschnitt, 60% Saft - 40% Wasser), ungezuckert",,Alkoholfreie Getränke/Frucht- und Gemüsesäfte,31,0.2,0.2
1130,"Fruchtsaft (Durchschnitt), ungezuckert",,Früchte/Fruchtsäfte;Alkoholfreie Getränke/Frucht- und Gemüsesäfte,52,0.3,0.3
775,"Fruchtsalat, gezuckert (Konserve)",Fruit Cocktail,Früchte/Früchte gekocht (inkl. Konserven),78,0.2,0.5
777,"Fruchtsalat, ungezuckert (Konserve)",Fruit Cocktail,Früchte/Früchte gekocht (inkl. Konserven),53,0.2,0.5
10456,Fruchtwähe/-kuchen (Durchschnitt),,"Süssigkeiten/Kuchen, Torten und Cake;Gerichte/Kuchen und Gratins",155,7.7,2.9
10453,Fruchtwähe/-kuchen mit Blätterteig (Durchschnitt),,"Süssigkeiten/Kuchen, Torten und Cake;Gerichte/Kuchen und Gratins",136,6.9,2.6
10454,Fruchtwähe/-kuchen mit Kuchenteig (Durchschnitt),,"Süssigkeiten/Kuchen, Torten und Cake;Gerichte/Kuchen und Gratins",128,4.8,3
10455,Fruchtwähe/-kuchen mit süssem Mürbeteig (Durchschnitt),,"Süssigkeiten/Kuchen, Torten und Cake;Gerichte/Kuchen und Gratins",200,11.4,3.2
817,Fünfkornbier,,Alkoholhaltige Getränke/Bier,40,0,0.6
1497,"Garnele, gekocht",Shrimp;Scampi;Crevette,"Fisch/Meeresfrüchte, Krusten- und Schalentiere",59,0.6,12
766,"Garnele, roh",Shrimp;Scampi;Crevette,"Fisch/Meeresfrüchte, Krusten- und Schalentiere",56,0.6,11.4
1100,"Geflügelfleisch (Durchschnitt exkl. Innereien), roh",,Fleisch und Innereien/Geflügel,131,4.8,21.9
1109,"Geflügelfleisch mit Haut (Durchschnitt), roh",,Fleisch und Innereien/Geflügel,151,7.6,20.7
1108,"Geflügelfleisch ohne Haut (Durchschnitt exkl. Innereien), roh",,Fleisch und Innereien/Geflügel,114,2.5,22.9
1092,Geflügellyoner,,Fleisch- und Wurstwaren/Brühwurstware,205,16.4,13.5
13317,"Gehacktes (Durchschnitt aus Rind, Kalb, Schwein, Poulet), gebraten (ohne Zusatz von Fett und Salz)",,Fleisch und Innereien,179,7.8,27.3
1105,"Gehacktes (Durchschnitt aus Rind, Kalb, Schwein, Poulet), roh",,Fleisch und Innereien/Kalb;Fleisch und Innereien/Rind;Fleisch und Innereien/Schwein;Fleisch und Innereien/Geflügel,142,6.2,21.6
1152,"Gemüse (Durchschnitt), roh",,Gemüse/Gemüse frisch,27,0.3,1.3
1580,"Gemüsegratin, gebacken",,Gerichte/Kuchen und Gratins,57,3.6,3
1666,"Gemüselasagne, zubereitet",,Gerichte/Italienische Gerichte,135,7.4,4.8
739,Gerstenflocken,,"Brote, Flocken und Frühstückscerealien/Flocken, Kleie und Keime",330,1.5,7.9
937,"Gerstenflocken, Vollkorn",,"Brote, Flocken und Frühstückscerealien/Flocken, Kleie und Keime",330,1.5,7.9
1587,"Gerstotto, gekocht",,"Getreideprodukte, Hülsenfrüchte und Kartoffeln/Sonstige Getreideprodukte",136,2.2,3.4
13318,"Geschnetzeltes (Durchschnitt aus Rind, Kalb, Schwein, Geflügel), gebraten (ohne Zusatz von Fett und Salz)",,Fleisch und Innereien,161,4.5,30
1104,"Geschnetzeltes (Durchschnitt aus Rind, Kalb, Schwein, Geflügel), roh",,Fleisch und Innereien/Kalb;Fleisch und Innereien/Schwein;Fleisch und Innereien/Rind;Fleisch und Innereien/Geflügel,118,3.3,21.9
1696,Getreideflocken (Durchschnitt),,"Brote, Flocken und Frühstückscerealien/Flocken, Kleie und Keime",344,3.3,10.2
10406,Gipfeli (Durchschnitt),,"Brote, Flocken und Frühstückscerealien/Brote und Brotwaren",406,23,8
507,Glarner Schabziger,Glarner Kräuterkäse,Milch und Milchprodukte/Frischkäse und Quark,134,0.5,32.3
483,Gorgonzola,,Milch und Milchprodukte/Hartkäse,359,31.2,19.4
388,"Grapefruit, roh",Pampelmuse,Früchte/Früchte frisch,30,0.1,0.7
530,"Greyerzer, vollfett",Gruyère,Milch und Milchprodukte/Hartkäse,399,32,27
1509,"Griessbrei, zubereitet (mit teilentrahmter Milch)",,Süssigkeiten/Cremen und Pudding,95,3,4.8
1510,"Griessbrei, zubereitet (mit Vollmilch)",,Süssigkeiten/Cremen und Pudding,95,3,4.8
1507,"Griessschnitte, zubereitet (mit teilentrahmter Milch)",,Gerichte/Sonstige salzige/rezente Gerichte,146,6.4,6.3
1508,"Griessschnitte, zubereitet (mit Vollmilch)",,Gerichte/Sonstige salzige/rezente Gerichte,156,7.5,6.3
1272,Grittibänz,,Süssigkeiten/Sonstige süsse Backwaren,330,11.2,9.2
1465,Gugelhopf Grossmutter Art,,"Süssigkeiten/Kuchen, Torten und Cake",459,32.1,8.3
684,Gulaschsuppe,,Gerichte/Eintöpfe und Suppen,67,2.4,4.8
951,Gummibonbon mit Fruchtessenz,,"Süssigkeiten/Bonbons, Frucht- und Kaugummi",341,0,6.6
491,"Gurke, in Essig eingelegt",Essiggurke;Cornichon,Gemüse/Gemüse gekocht (inkl. Konserven),14,0.1,0.7
354,"Gurke, roh",Salatgurke,Gemüse/Gemüse frisch,13,0.1,0.7
1582,"Hackbraten, im Ofen gebacken",,Gerichte/Sonstige salzige/rezente Gerichte,197,10.5,17.1
1583,"Hackplätzli (Rind), gebraten in Rapsöl HOLL",,Fleisch und Innereien/Rind,204,10.6,20.4
1512,"Haferbrei, zubereitet (mit teilentrahmter Milch)",,Süssigkeiten/Cremen und Pudding,133,3.6,6.4
1511,"Haferbrei, zubereitet (mit Vollmilch)",,Süssigkeiten/Cremen und Pudding,150,6.3,6.4
198,Haferflocken,,"Brote, Flocken und Frühstückscerealien/Flocken, Kleie und Keime",372,7.5,13.5
769,Haferkleie,,"Brote, Flocken und Frühstückscerealien/Flocken, Kleie und Keime",366,7,17.3
191,Halbfettbutter,,Fette und Öle/Fette;Milch und Milchprodukte/Rahm und Butter,388,39.8,4
67,"Halbrahm, pasteurisiert",,Fette und Öle/Rahm;Milch und Milchprodukte/Rahm und Butter,274,27.9,2.3
68,"Halbrahm, UHT",,Fette und Öle/Rahm;Milch und Milchprodukte/Rahm und Butter,251,25.1,2.6
833,Halbweissbrot,,"Brote, Flocken und Frühstückscerealien/Brote und Brotwaren",240,1.1,9.4
1193,"Hart- und Halbhartkäse, vollfett (Durchschnitt)",,Milch und Milchprodukte/Hartkäse,400,32.1,27.2
952,"Hartkaramellen, Hartbonbons",,"Süssigkeiten/Bonbons, Frucht- und Kaugummi",385,0.3,0.5
423,"Hartweizengriess, trocken",,"Getreideprodukte, Hülsenfrüchte und Kartoffeln/Sonstige Getreideprodukte",351,1.2,12.6
486,"Hase (Durchschnitt), roh",,Fleisch und Innereien/Sonstige Tierarten,115,3,22
270,Haselnuss,,"Nüsse, Samen und Ölfrüchte",643,59.5,15.2
703,Haselnuss-Schokolade-Brotaufstrich,,Süssigkeiten/Konfitüren und süsse Brotaufstriche,546,32.7,5.8
903,Haselnusskekse,Haselnussguetzli,Süssigkeiten/Guetzli,473,27.7,6.7
869,Haselnussmakrone,,Süssigkeiten/Guetzli,533,37,11.4
871,Haselnussstängeli,,Süssigkeiten/Guetzli,562,36.7,10.1
416,"Hecht, roh",,Fisch/Süsswasserfische,81,0.8,18.4
910,"Hefeteig (mit Butter), süss, ungebacken",,"Getreideprodukte, Hülsenfrüchte und Kartoffeln/Teige",311,11.1,8.6
1177,"Hefeteig (mit pflanzlichem Fett), süss, ungebacken",,"Getreideprodukte, Hülsenfrüchte und Kartoffeln/Teige",304,11.5,9.1
389,"Heidelbeere, roh",,Früchte/Früchte frisch,58,0.5,0.6
753,"Heilbutt, roh",,Fisch/Meeresfische,118,3.9,20.6
390,"Himbeere, roh",,Früchte/Früchte frisch,52,0.6,1.2
691,Hinterschinken,,Fleisch- und Wurstwaren/Kochwurstware,104,2.3,20.2
487,"Hirsch (Durchschnitt), roh",,Fleisch und Innereien/Wild,112,3.3,20.6
12,"Hirsch, Entrecôte, roh",,Fleisch und Innereien/Wild,111,2.1,23.1
422,"Hirse, Korn geschält",,"Getreideprodukte, Hülsenfrüchte und Kartoffeln/Sonstige Getreideprodukte",357,3.9,9.8
938,"Hirseflocken, Vollkorn",,"Brote, Flocken und Frühstückscerealien/Flocken, Kleie und Keime",357,3.9,9.8
1586,"Hirsotto, gekocht",,"Getreideprodukte, Hülsenfrüchte und Kartoffeln/Sonstige Getreideprodukte",145,3.1,3.6
666,Hollandaisesauce,,Verschiedenes/Saucen,211,18,3
436,"Holunderbeere, schwarz, roh",,Früchte/Früchte frisch,52,0.5,2.5
472,Honig (Blütenhonig),,Süssigkeiten/Konfitüren und süsse Brotaufstriche,306,0,0.4
399,"Honigmelone, roh",Zuckermelone,Früchte/Früchte frisch,38,0.1,0.7
1590,Hot Dog in Weissbrot mit Ketchup und Senf,,Gerichte/Sonstige salzige/rezente Gerichte,230,6.7,9.1
1070,"Hühnerei, ganz, festgekocht",,Eier,157,11.4,13.2
290,"Hühnerei, ganz, roh",,Eier,142,10.3,11.9
410,"Hühnereigelb, roh (Eidotter)",,Eier,350,31.5,16.5
411,"Hühnereiweiss, roh (Eiklar)",,Eier,44,0.1,10.5
1134,"Hülsenfrüchte (Durchschnitt), gekocht (ohne Zugabe von Fett und Salz)",,"Getreideprodukte, Hülsenfrüchte und Kartoffeln/Hülsenfrüchte",138,2.6,9.7
1133,"Hülsenfrüchte (Durchschnitt), getrocknet",,"Getreideprodukte, Hülsenfrüchte und Kartoffeln/Hülsenfrüchte",335,4.9,25.1
505,"Hüttenkäse, nature",Cottage cheese,Milch und Milchprodukte/Frischkäse und Quark,101,4.5,12.7
866,"Instant-Kartoffelstock, zubereitet (mit Wasser und Butter)",,"Getreideprodukte, Hülsenfrüchte und Kartoffeln/Kartoffeln",81,2.8,2
652,Jägersauce,,Verschiedenes/Saucen,58,1.8,2.2
1612,Joghurt-Salatsauce (ohne Öl),,Fette und Öle/Salatsaucen,68,3.3,3.7
58,"Joghurt Bifidus, nature",,Milch und Milchprodukte/Joghurt und Sauermilch,49,3.6,4.1
1192,Joghurt gezuckert (Durchschnitt),,Milch und Milchprodukte/Joghurt und Sauermilch,105,3.4,3.8
590,"Joghurt mit Aroma, mager, mit Süssstoffen",,Milch und Milchprodukte/Joghurt und Sauermilch,48,0.1,4.7
588,"Joghurt mit Früchten, mager, mit Süssstoffen",,Milch und Milchprodukte/Joghurt und Sauermilch,50,0.1,4.7
53,"Joghurt, Erdbeer",,Milch und Milchprodukte/Joghurt und Sauermilch,101,2.7,3.5
55,"Joghurt, Haselnuss",,Milch und Milchprodukte/Joghurt und Sauermilch,119,4.6,3.9
57,"Joghurt, Mokka",,Milch und Milchprodukte/Joghurt und Sauermilch,100,3.1,3.8
99,"Joghurt, Mokka, Bio",,Milch und Milchprodukte/Joghurt und Sauermilch,96,3.3,3.5
52,"Joghurt, nature",,Milch und Milchprodukte/Joghurt und Sauermilch,66,3.6,4
587,"Joghurt, nature, mager",,Milch und Milchprodukte/Joghurt und Sauermilch,40,0.1,4.3
54,"Joghurt, Schokolade",,Milch und Milchprodukte/Joghurt und Sauermilch,120,3.9,4
56,"Joghurt, Vanille",,Milch und Milchprodukte/Joghurt und Sauermilch,98,3,3.8
391,"Johannisbeere, rot, roh",,Früchte/Früchte frisch,45,0.5,1.1
392,"Johannisbeere, schwarz, roh",,Früchte/Früchte frisch,58,0.3,1.3
1593,"Johannisbeerkuchen, gebacken (mit Blätterteig)",Johannisbeerwähe,"Süssigkeiten/Kuchen, Torten und Cake;Gerichte/Kuchen und Gratins",135,7.1,2.8
1595,"Johannisbeerkuchen, gebacken (mit Kuchenteig)",,"Süssigkeiten/Kuchen, Torten und Cake;Gerichte/Kuchen und Gratins",127,5,3.2
1592,"Johannisbeerkuchen, gebacken (mit süssem Mürbeteig)",,"Süssigkeiten/Kuchen, Torten und Cake;Gerichte/Kuchen und Gratins",200,11.4,3.3
983,"Kaffee löslich, Pulver",Instant-Kaffee,Alkoholfreie Getränke/Kaffee,253,0,11.2
994,"Kaffee, schwarz, ungezuckert",,Alkoholfreie Getränke/Kaffee,2,0,0.1
69,Kaffeerahm,,Fette und Öle/Rahm;Milch und Milchprodukte/Rahm und Butter,161,15,2.7
581,Kakaopulver,,Süssigkeiten/Schokolade und Kakaoerzeugnisse;Alkoholfreie Getränke/Kakaogetränke,408,24.5,19.8
393,"Kaki, roh",,Früchte/Früchte frisch,71,0.2,0.7
1071,"Kalb, Brust, gekocht (ohne Zugabe von Fett und Salz)",,Fleisch und Innereien/Kalb,291,20.7,26.1
1,"Kalb, Brust, roh",,Fleisch und Innereien/Kalb,204,14.5,18.3
662,"Kalb, Eckstück, roh",Plätzli,Fleisch und Innereien/Kalb,103,1.6,22.2
660,"Kalb, Filet, roh",,Fleisch und Innereien/Kalb,119,3.8,21.2
11,"Kalb, Gehacktes, roh",Hackfleisch,Fleisch und Innereien/Kalb,104,2.4,20.5
13325,"Kalb, Geschnetzeltes, gebraten (ohne Zugabe von Fett und Salz)",,Fleisch und Innereien/Kalb,132,1.5,29.7
13,"Kalb, Geschnetzeltes, roh",,Fleisch und Innereien/Kalb,98,1.1,22
13377,"Kalb, Haxe, geschmort (ohne Zugabe von Fett und Salz)",,Fleisch und Innereien/Kalb,191,6.9,32.3
661,"Kalb, Haxe, roh",,Fleisch und Innereien/Kalb,122,4.4,20.7
2,"Kalb, Kotelett, roh",,Fleisch und Innereien/Kalb,161,8.7,20.7
10,"Kalb, Leber, roh",,Fleisch und Innereien/Kalb,135,4.2,19.6
672,"Kalb, Milken, roh",Bries,Fleisch und Innereien/Kalb,99,3.4,17.2
673,"Kalb, Niere, roh",,Fleisch und Innereien/Kalb,112,5,15.8
13324,"Kalb, Nierstück, Steak, gebraten (ohne Zugabe von Fett und Salz)",,Fleisch und Innereien/Kalb,160,5.1,28.6
3,"Kalb, Nierstück, Steak, roh",,Fleisch und Innereien/Kalb,113,2.4,22.8
14,"Kalb, Runder Mocken, roh",Saftplätzli,Fleisch und Innereien/Kalb,104,1.8,21.9
1073,"Kalb, Schulter, Braten, im Ofen gebraten (ohne Zugabe von Fett und Salz)",,Fleisch und Innereien/Kalb,185,7.2,30.1
658,"Kalb, Schulter, Braten, roh",,Fleisch und Innereien/Kalb,124,4.8,20.2
15,"Kalb, Voressen, roh",Ragout,Fleisch und Innereien/Kalb,102,2.4,20
674,"Kalb, Zunge, roh",,Fleisch und Innereien/Kalb,181,11.6,17.2
1106,"Kalbfleisch (Durchschnitt exkl. Innereien, Kotelett), roh",,Fleisch und Innereien/Kalb,128,4.8,21.1
1080,Kalbsbratwurst,,Fleisch- und Wurstwaren/Brühwurstware,228,19.2,12.5
1667,"Kalbspiccata, zubereitet",,Gerichte/Sonstige salzige/rezente Gerichte,223,11.9,23.3
13316,"Kalbsplätzli, gebraten (ohne Zugabe von Fett und Salz)",,Fleisch und Innereien/Kalb,140,2.2,30
1681,"Kalbsplätzli, gebraten in HOLL-Rapsöl",,Fleisch und Innereien/Kalb,196,9.2,28.2
1669,"Kalbsragout mit Sauce, zubereitet",Voressen,Gerichte/Sonstige salzige/rezente Gerichte,91,3.5,11.6
764,"Kalmar, roh",Seppia;Polpo;Calamare;Tintenfisch,"Fisch/Meeresfrüchte, Krusten- und Schalentiere",83,1.1,16
13329,"Kaninchen (Durchschnitt), gekocht (ohne Zusatz von Fett und Salz)",,Fleisch und Innereien/Sonstige Tierarten,205,10.3,28.1
686,"Kaninchen (Durchschnitt), roh",,Fleisch und Innereien/Sonstige Tierarten,150,7.5,20.5
16,"Kaninchen, Filet, roh",,Fleisch und Innereien/Sonstige Tierarten,111,1.5,24.3
1002,"Karotte, gedämpft (ohne Zugabe von Salz)",,Gemüse/Gemüse gekocht (inkl. Konserven),41,0.3,0.9
355,"Karotte, roh",,Gemüse/Gemüse frisch,38,0.3,0.8
566,Karottensaft,,Alkoholfreie Getränke/Frucht- und Gemüsesäfte;Gemüse/Gemüsesäfte,33,0.1,0.7
1057,"Kartoffel, geschält, gedämpft (ohne Zugabe von Salz)",Gschwellti,"Getreideprodukte, Hülsenfrüchte und Kartoffeln/Kartoffeln",77,0.1,2
813,"Kartoffel, geschält, roh",,"Getreideprodukte, Hülsenfrüchte und Kartoffeln/Kartoffeln",76,0.1,2
860,"Kartoffelflocken, mit Milchpulver und Salz (Instant-Kartoffelstock)",Instant-Kartoffelstock,"Getreideprodukte, Hülsenfrüchte und Kartoffeln/Kartoffeln",366,5.4,11.3
1599,"Kartoffelgratin dauphinois, zubereitet",,Gerichte/Kuchen und Gratins,128,7.8,2.6
1600,"Kartoffelgratin Savoyer Art, zubereitet",,Gerichte/Kuchen und Gratins,75,2.3,2.2
1517,Kartoffelsalat mit Essig-Öl-Sauce,,Gerichte/Salate,97,3.8,1.7
1516,Kartoffelsalat mit Mayonnaise-Joghurt-Sauce,,Gerichte/Salate,82,2.2,1.8
497,Kartoffelstärke,,"Getreideprodukte, Hülsenfrüchte und Kartoffeln/Mehle und Stärke;Verschiedenes/Gelier- und Bindemittel",336,0.1,0.6
1519,"Kartoffelstock, zubereitet (mit Rahm und Butter)",,"Getreideprodukte, Hülsenfrüchte und Kartoffeln/Kartoffeln",140,8.4,2
1518,"Kartoffelstock, zubereitet (mit teilentrahmter Milch und Butter)",,"Getreideprodukte, Hülsenfrüchte und Kartoffeln/Kartoffeln",90,2.6,2.2
863,"Kartoffelstock, zubereitet (mit Vollmilch und Butter)",,"Getreideprodukte, Hülsenfrüchte und Kartoffeln/Kartoffeln",91,2.8,2.2
539,Käse in Salzlake (Kuhmilch),,Milch und Milchprodukte/Frischkäse und Quark;Milch und Milchprodukte/Weichkäse,262,20.7,17.5
549,Käse in Salzlake (Schaf- und Ziegenmilch),Feta,Milch und Milchprodukte/Frischkäse und Quark;Milch und Milchprodukte/Weichkäse,243,18.8,17
1544,"Käsekuchen, gebacken (mit Blätterteig)",Käsewähe,Gerichte/Kuchen und Gratins,304,22,14.4
1543,"Käsekuchen, gebacken (mit Kuchenteig)",Käsewähe,Gerichte/Kuchen und Gratins,293,19.2,14.9
60,Käsereibutter,,Fette und Öle/Fette;Milch und Milchprodukte/Rahm und Butter,746,82.5,0.4
1601,"Käseschnitte, zubereitet",,Gerichte/Sonstige salzige/rezente Gerichte,272,11.5,14.8
1572,Kebab im Fladenbrot,,Gerichte/Sandwiches,125,3.7,7.7
1012,"Kefe, gedämpft (ohne Zugabe von Salz)",Kiefelerbse;Zuckerschote,Gemüse/Gemüse gekocht (inkl. Konserven),77,0.2,4.6
438,"Kefe, roh",Kiefelerbse;Zuckerschote,Gemüse/Gemüse frisch,68,0.2,4
635,Ketchup,,Verschiedenes/Saucen,117,0.4,2
1059,"Kichererbse, gekocht (ohne Zugabe von Fett und Salz)",,"Getreideprodukte, Hülsenfrüchte und Kartoffeln/Hülsenfrüchte",131,2,7.4
439,"Kichererbse, getrocknet",,"Getreideprodukte, Hülsenfrüchte und Kartoffeln/Hülsenfrüchte",327,4.9,18.6
644,Kirsch,Kirschbranntwein;Kirschwasser;Kirschschnaps;Kirschenbrand,Alkoholhaltige Getränke/Spirituosen,245,0,0
1052,"Kirsche, gedünstet, abgetropft (ohne Zugabe von Zucker)",,Früchte/Früchte gekocht (inkl. Konserven),86,0.6,1.5
394,"Kirsche, roh",,Früchte/Früchte frisch,74,0.5,1.3
1545,"Kirschenkuchen, gebacken (mit Blätterteig)",Kirschenwähe,"Süssigkeiten/Kuchen, Torten und Cake;Gerichte/Kuchen und Gratins",154,7.1,3
1546,"Kirschenkuchen, gebacken (mit Kuchenteig)",Kirschenwähe,"Süssigkeiten/Kuchen, Torten und Cake;Gerichte/Kuchen und Gratins",146,5,3.4
395,"Kiwi, roh",,Früchte/Früchte frisch,54,0.6,1.1
918,"Knäckebrot, Vollkorn",,"Brote, Flocken und Frühstückscerealien/Knäckebrote, Zwieback, Crackers und Waffeln",327,1.8,10.4
920,"Knäckebrot, Vollkorn mit Leinsamen",,"Brote, Flocken und Frühstückscerealien/Knäckebrote, Zwieback, Crackers und Waffeln",340,4.7,11.8
919,"Knäckebrot, Vollkorn mit Sesam",,"Brote, Flocken und Frühstückscerealien/Knäckebrote, Zwieback, Crackers und Waffeln",353,6.6,11.3
356,"Knoblauch, roh",,Gemüse/Gemüse frisch,136,0.5,7
1013,"Knollensellerie, gedämpft (ohne Zugabe von Salz)",,Gemüse/Gemüse gekocht (inkl. Konserven),30,0.3,1.6
357,"Knollensellerie, roh",,Gemüse/Gemüse frisch,28,0.3,1.5
1399,Knöpflimehl,Spätzlimehl,"Getreideprodukte, Hülsenfrüchte und Kartoffeln/Mehle und Stärke",350,1.2,12.4
51,Kochbutter,,Fette und Öle/Fette;Milch und Milchprodukte/Rahm und Butter,745,82.2,0.5
1118,Kochpökelware (Durchschnitt),,Fleisch- und Wurstwaren/Kochwurstware,222,15.6,19.8
762,Kochsalz mit Jod,,"Verschiedenes/Salz, Gewürze und Aromen",0,0,0
10457,Kochsalz mit Jod und Fluor,Speisesalz,"Verschiedenes/Salz, Gewürze und Aromen",0,0,0
634,Kochsalz ohne Jod und Fluor,Speisesalz,"Verschiedenes/Salz, Gewürze und Aromen",0,0,0
704,Kochspeck,,Fleisch- und Wurstwaren/Rohwurstware,322,27.6,17.8
1116,Kochwürste (Durchschnitt),,Fleisch- und Wurstwaren/Kochwurstware,314,27.2,15.8
10582,"Kohlgemüse (Durchschnitt), gekocht (ohne Zugabe von Salz und Fett)",,Gemüse/Gemüse gekocht (inkl. Konserven),29,0.3,2.2
1167,"Kohlgemüse (Durchschnitt), roh",,Gemüse/Gemüse frisch,29,0.3,2.2
1014,"Kohlrabi, gedämpft (ohne Zugabe von Salz)",Rübkohl,Gemüse/Gemüse gekocht (inkl. Konserven),30,0.2,2.1
449,"Kohlrabi, roh",Rübkohl,Gemüse/Gemüse frisch,27,0.2,1.9
601,Kokosfett,,Fette und Öle/Fette,894,99,0.8
888,Kokosmakronen,,Süssigkeiten/Guetzli,554,40.2,5.9
284,Kokosnuss,,"Nüsse, Samen und Ölfrüchte",497,42,8.9
742,"Kokosnuss, getrocknet (Kokosrapseln, Kokosflocken)",,"Nüsse, Samen und Ölfrüchte",660,63.3,6.2
526,"Kondensmilch, gezuckert",,Milch und Milchprodukte/Milch,339,10,8
527,"Kondensmilch, ungezuckert",,Milch und Milchprodukte/Milch,132,7.5,6.5
696,Konfitüre,Marmelade,Süssigkeiten/Konfitüren und süsse Brotaufstriche,246,0.5,0.5
697,"Konfitüre, energievermindert, mit Süssstoffen",Marmelade,Süssigkeiten/Konfitüren und süsse Brotaufstriche,136,0.5,0.5
448,"Kopfsalat, roh",,Gemüse/Gemüse frisch,14,0.2,1.2
13322,"Kotelett (Durchschnitt aus Kalb, Schwein, Lamm), gebraten (ohne Zusatz von Fett und Salz)",,Fleisch und Innereien,250,14.4,30
1107,"Kotelett (Durchschnitt aus Kalb, Schwein, Lamm), roh",,"Fleisch und Innereien/Schwein;Fleisch und Innereien/Kalb;Fleisch und Innereien/Lamm, Schaf",177,10.2,21.3
1099,"Krustentiere (Durchschnitt), roh",,"Fisch/Meeresfrüchte, Krusten- und Schalentiere",75,1,15.5
1176,"Kuchenteig (mit Butter), ungebacken",Wähenteig,"Getreideprodukte, Hülsenfrüchte und Kartoffeln/Teige",329,15.9,6.8
906,"Kuchenteig (mit pflanzlichem Fett), ungebacken",Wähenteig,"Getreideprodukte, Hülsenfrüchte und Kartoffeln/Teige",325,15.5,6.8
1662,"Kürbis-Piccata, zubereitet",,Gerichte/Sonstige salzige/rezente Gerichte,165,12,4.7
276,Kürbiskerne,,"Nüsse, Samen und Ölfrüchte",603,49.1,32.6
1656,"Kürbisscheiben, paniert, zubereitet",,Gerichte/Sonstige salzige/rezente Gerichte,140,5.8,4.4
193,"Lachs, geräuchert",,Fisch/Meeresfische,167,8.2,23.2
210,"Lachs, wild, roh",,Fisch/Meeresfische,182,11.5,19.7
13354,"Lachs, Zucht, Filet, gedämpft (ohne Zusatz von Fett und Salz)",,Fisch/Meeresfische,251,16.8,24.9
194,"Lachs, Zucht, roh",,Fisch/Meeresfische,200,13.4,19.9
13273,"Lamm, Filet, medium"" gebraten (ohne Zusatz von Fett und Salz)""",,"Fleisch und Innereien/Lamm, Schaf",149,4.5,27.2
675,"Lamm, Filet, roh",,"Fleisch und Innereien/Lamm, Schaf",112,3.4,20.4
13304,"Lamm, Gigot, gebraten (ohne Zusatz von Fett und Salz)",,"Fleisch und Innereien/Lamm, Schaf",230,12.2,30.1
4,"Lamm, Gigot, roh (Schweiz, Neuseeland)",Keule,"Fleisch und Innereien/Lamm, Schaf",155,8.2,20.2
5,"Lamm, Kotelett, roh (Schweiz)",,"Fleisch und Innereien/Lamm, Schaf",179,10.9,20.2
17,"Lamm, Nierstück, roh (Australien, Neuseeland)",,"Fleisch und Innereien/Lamm, Schaf",117,3.3,21.8
18,"Lamm, Racks, roh (Australien, Neuseeland)",,"Fleisch und Innereien/Lamm, Schaf",156,8.3,20.3
19,"Lamm, Voressen, roh (Schweiz)",Ragout,"Fleisch und Innereien/Lamm, Schaf",154,8.4,19.6
1110,"Lamm/Schaf (Durchschnitt exkl. Innereien, Kotelett), roh",,"Fleisch und Innereien/Lamm, Schaf",134,5.8,20.5
1673,"Lammragout mit Sauce, zubereitet",Voressen,Gerichte/Sonstige salzige/rezente Gerichte,123,7,11.7
1090,Landjäger,,Fleisch- und Wurstwaren/Rohwurstware,491,42.7,26.6
1184,"Latte macchiato, ungezuckert",,Milch und Milchprodukte/Milch- und Joghurtgetränke;Alkoholfreie Getränke/Kaffee,47,2.8,2.3
441,"Lattich, roh",,Gemüse/Gemüse frisch,16,0.3,1.2
1015,"Lauch, gedünstet (ohne Zugabe von Fett und Salz)",,Gemüse/Gemüse gekocht (inkl. Konserven),33,0.3,1.8
358,"Lauch, roh",,Gemüse/Gemüse frisch,30,0.3,1.6
832,Laugenbrötli,Silserli,"Brote, Flocken und Frühstückscerealien/Brote und Brotwaren",277,4.8,8.8
947,"Laugengebäck trocken (Bretzel, Sticks)",,Salzige Snacks/Salzsticks und Bretzel,360,4,8.6
835,Laugengipfeli,Silsergipfeli,"Brote, Flocken und Frühstückscerealien/Brote und Brotwaren",419,25,8.7
10377,"Leber (Durchschnitt aus Rind, Kalb, Schwein, Geflügel), roh",,Fleisch und Innereien/Geflügel;Fleisch und Innereien/Kalb;Fleisch und Innereien/Rind;Fleisch und Innereien/Schwein,226,15.9,17.8
13320,"Leber (Durchschnitt aus Rind, Kalb, Schwein, Geglügel), gebraten (ohne Zusatz von Fett und Salz)",,Fleisch und Innereien,275,19.4,21.7
776,Leberwurst,,Fleisch- und Wurstwaren/Kochwurstware,292,22.9,20.8
880,Lebkuchen,,Süssigkeiten/Sonstige süsse Backwaren,405,13.8,6.5
993,Lebkuchen mit Schokoladeüberzug,,Süssigkeiten/Sonstige süsse Backwaren,445,19,6.5
277,Leinsamen,,"Nüsse, Samen und Ölfrüchte",472,33.6,17.9
10534,Lemon Curd,Zitronencrème,Süssigkeiten/Cremen und Pudding,320,16.2,6
531,Limburger (Münster),,Milch und Milchprodukte/Hartkäse,275,21.4,20.4
595,"Limonade, mit Aroma, gezuckert",,Alkoholfreie Getränke/Süssgetränke,38,0,0
1060,"Linse, ganz, gekocht (ohne Zugabe von Fett und Salz)",,"Getreideprodukte, Hülsenfrüchte und Kartoffeln/Hülsenfrüchte",121,0.4,8.8
370,"Linse, ganz, getrocknet",,"Getreideprodukte, Hülsenfrüchte und Kartoffeln/Hülsenfrüchte",324,1.5,24.4
13386,"Linse, geschält, gekocht (ohne Zugabe von Fett und Salz)",,"Getreideprodukte, Hülsenfrüchte und Kartoffeln/Hülsenfrüchte",139,0.6,11.3
13385,"Linse, geschält, getrocknet",,"Getreideprodukte, Hülsenfrüchte und Kartoffeln/Hülsenfrüchte",334,1.5,27
900,Linzertorte,,"Süssigkeiten/Kuchen, Torten und Cake",425,23.6,7.5
852,Löffelbiscuit,,Süssigkeiten/Guetzli,414,8.3,12.2
786,Luganighe,,Fleisch- und Wurstwaren/Rohwurstware,459,43,17.1
1083,Lyoner,,Fleisch- und Wurstwaren/Brühwurstware,244,21.8,11.5
878,Madeleine,,Süssigkeiten/Sonstige süsse Backwaren,346,11.6,7.5
64,"Magermilch, UHT",,Milch und Milchprodukte/Milch,33,0.1,3.4
578,Magermilchpulver,,Milch und Milchprodukte/Milch,356,0.9,35.5
879,Mailänderli,,Süssigkeiten/Guetzli,431,20.8,7.1
932,Mais-Chips (Apérogebäck),,Salzige Snacks/Chips,509,27.2,7.8
1032,"Mais, gedämpft (ohne Zugabe von Salz)",Zuckermais;Gemüsemais,Gemüse/Gemüse gekocht (inkl. Konserven),105,1.4,3.8
432,"Mais, roh",Zuckermais;Gemüsemais,Gemüse/Gemüse frisch,92,1.2,3.3
1619,"Maisgriess, gekocht",Polenta,"Getreideprodukte, Hülsenfrüchte und Kartoffeln/Mais",79,0.2,2
425,"Maisgriess, trocken",Polenta,"Getreideprodukte, Hülsenfrüchte und Kartoffeln/Mais",350,1.1,8.8
412,Maiskeimöl,,Fette und Öle/Öle,809,89.9,0
633,"Maiskölbchen, in Essig eingelegt",,Gemüse/Gemüse gekocht (inkl. Konserven),119,1.4,3.4
426,Maisstärke,,"Getreideprodukte, Hülsenfrüchte und Kartoffeln/Mehle und Stärke;Verschiedenes/Gelier- und Bindemittel",354,0,0.3
397,"Mandarine, roh",,Früchte/Früchte frisch,47,0.2,0.7
273,Mandel,,"Nüsse, Samen und Ölfrüchte",576,49.9,21.2
269,"Mandel, geröstet, gesalzen",,"Salzige Snacks/Gesalzene Nüsse, Samen, Kerne",631,55.2,21.2
278,"Mandel, ohne Fett geröstet, gesalzen",,"Salzige Snacks/Gesalzene Nüsse, Samen, Kerne",620,52.1,22.1
396,"Mango, roh",,Früchte/Früchte frisch,62,0.2,0.6
1016,"Mangold, gedämpft (ohne Zugabe von Salz)",Krautstiel,Gemüse/Gemüse gekocht (inkl. Konserven),31,0.3,2.8
450,"Mangold, roh",Krautstiel,Gemüse/Gemüse frisch,23,0.2,2.1
208,Margarine,,Fette und Öle/Fette,724,80,0.5
898,Marmorkuchen,Marmorcake,"Süssigkeiten/Kuchen, Torten und Cake",357,17.2,7.3
496,Marzipan,,Süssigkeiten/Sonstige Süssigkeiten,467,17.6,6.1
485,Mascarpone,,Milch und Milchprodukte/Frischkäse und Quark,453,47,7.6
771,Mayonnaise,,Fette und Öle/Mayonnaisen,742,81.7,1.1
772,"Mayonnaise, kalorienvermindert",,Fette und Öle/Mayonnaisen,327,34.5,0.9
1682,"Mayonnaise, selbst zubereitet mit Rapsöl",,Fette und Öle/Mayonnaisen,791,86.7,2.4
1135,Mehl (Durchschnitt),,"Getreideprodukte, Hülsenfrüchte und Kartoffeln/Mehle und Stärke",343,1.4,12.4
1136,"Mehl, hell (Durchschnitt)",,"Getreideprodukte, Hülsenfrüchte und Kartoffeln/Mehle und Stärke",344,1.3,12.2
1524,"Mehlomeletten mit Champignonfüllung, zubereitet",,Gerichte/Sonstige salzige/rezente Gerichte,124,6.3,5.3
1525,"Mehlomeletten mit Gemüsefüllung, zubereitet",,Gerichte/Sonstige salzige/rezente Gerichte,137,5.2,5.7
1523,"Mehlomeletten mit Käse, zubereitet",,Gerichte/Sonstige salzige/rezente Gerichte,196,9,10
1695,"Mehlomeletten mit Nutella, zubereitet",,Gerichte/Sonstige süsse Gerichte,259,12.4,7.1
1526,"Mehlomeletten mit Schinken, zubereitet",,Gerichte/Sonstige salzige/rezente Gerichte,157,5.2,9.8
1527,"Mehlomeletten mit Speck, zubereitet",,Gerichte/Sonstige salzige/rezente Gerichte,194,9.5,9.3
1694,"Mehlomeletten mit Zimt und Zucker, zubereitet",,Gerichte/Sonstige süsse Gerichte,178,5.5,7.1
1522,"Mehlomeletten, zubereitet",,Gerichte/Sonstige salzige/rezente Gerichte,166,5.8,7.5
732,"Melasse, Melassesirup",,Süssigkeiten/Konfitüren und süsse Brotaufstriche,274,0,1.2
854,Meringue,,Süssigkeiten/Sonstige Süssigkeiten,400,0.5,5
761,"Miesmuschel, roh",,"Fisch/Meeresfrüchte, Krusten- und Schalentiere",85,2.7,11.7
1194,Milch (Durchschnitt),,Milch und Milchprodukte/Milch,62,3.4,3.3
1185,"Milchkaffee dunkel, ungezuckert",Schale,Milch und Milchprodukte/Milch- und Joghurtgetränke;Alkoholfreie Getränke/Kaffee,16,0.9,0.8
1186,"Milchkaffee hell, ungezuckert",Schale,Milch und Milchprodukte/Milch- und Joghurtgetränke;Alkoholfreie Getränke/Kaffee,22,1.2,1.1
1187,"Milchkaffee, ungezuckert",Schale,Milch und Milchprodukte/Milch- und Joghurtgetränke;Alkoholfreie Getränke/Kaffee,20,1.1,1
1513,"Milchreis, zubereitet (mit teilentrahmter Milch)",,Süssigkeiten/Cremen und Pudding,132,3.5,5.4
1514,"Milchreis, zubereitet (mit Vollmilch)",,Süssigkeiten/Cremen und Pudding,144,5,5.2
195,Milchschokolade,,Süssigkeiten/Schokolade und Kakaoerzeugnisse,537,31.1,6.5
654,Milchschokolade mit Alkoholfüllung,,Süssigkeiten/Schokolade und Kakaoerzeugnisse,488,23,5.4
655,"Milchschokolade mit Crèmefüllung (Gianduja, Nougat)",,Süssigkeiten/Schokolade und Kakaoerzeugnisse,571,38.5,6.9
643,Milchschokolade mit Mandel-Honig-Nougat,,Süssigkeiten/Schokolade und Kakaoerzeugnisse,534,31.4,7
612,Milchschokolade mit Nüssen,,Süssigkeiten/Schokolade und Kakaoerzeugnisse,566,38.1,8.4
641,"Milchschokolade mit Weinbeeren, Nüssen und Mandeln",,Süssigkeiten/Schokolade und Kakaoerzeugnisse,511,29.6,7.5
671,Minestrone,,Gerichte/Eintöpfe und Suppen,53,1.8,2
1087,Minipic Würstchen,,Fleisch- und Wurstwaren/Rohwurstware,460,39.1,26.1
1053,"Mirabelle, gedünstet, abgetropft (ohne Zugabe von Zucker)",,Früchte/Früchte gekocht (inkl. Konserven),65,0.2,0.8
403,"Mirabelle, roh",,Früchte/Früchte frisch,57,0.2,0.7
10545,"Mit Hackfleisch gefüllte Oliven, frittiert",,Salzige Snacks/Sonstige salzige Snacks,320,14,14.1
602,"Molke, süss",Süssmolke,Milch und Milchprodukte/Milch- und Joghurtgetränke,24,0.2,0.8
1039,"Morchel, gedünstet (ohne Zugabe von Fett und Salz)",,Gemüse/Pilze,31,0.4,2.1
457,"Morchel, roh",,Gemüse/Pilze,26,0.3,1.7
819,Mortadella,,Fleisch- und Wurstwaren/Brühwurstware,305,26.6,15.7
717,Mostbröckli,,Fleisch- und Wurstwaren/Rohwurstware,150,1.9,32.6
82,Mozzarella,,Milch und Milchprodukte/Weichkäse;Milch und Milchprodukte/Frischkäse und Quark,253,19.5,18.7
1175,"Mürbeteig (mit Butter), süss, ungebacken",,"Getreideprodukte, Hülsenfrüchte und Kartoffeln/Teige",424,22.9,7.8
909,"Mürbeteig (mit pflanzlichem Fett), süss, ungebacken",,"Getreideprodukte, Hülsenfrüchte und Kartoffeln/Teige",419,22.4,7.8
844,Mütschli,,"Brote, Flocken und Frühstückscerealien/Brote und Brotwaren",254,0.8,8.7
1579,"Nasi Goreng, zubereitet",,Gerichte/Asiatische Gerichte,126,1.9,11
404,"Nektarine, roh",,Früchte/Früchte frisch,51,0.2,0.9
913,Nussgipfel aus Blätterteig,,Süssigkeiten/Sonstige süsse Backwaren,416,26.9,6.6
914,Nussgipfel aus Hefeteig,,Süssigkeiten/Sonstige süsse Backwaren,315,12.6,7.5
372,"Nüsslisalat, roh",Feldsalat;Rapunzelsalat,Gemüse/Gemüse frisch,23,0.4,2
915,Nussschnecke aus Hefeteig,Hefeschnecke,Süssigkeiten/Sonstige süsse Backwaren,442,18.7,12
818,"Ofen-Frites, tiefgekühlt",Ofen-Pommes,"Getreideprodukte, Hülsenfrüchte und Kartoffeln/Kartoffeln",127,4.9,1.8
492,"Olive, grün",,"Nüsse, Samen und Ölfrüchte",126,12.5,1.3
493,"Olive, schwarz",,"Nüsse, Samen und Ölfrüchte",150,14,0.9
591,Olivenöl,,Fette und Öle/Öle,809,89.9,0
405,"Orange, roh",Apfelsine,Früchte/Früchte frisch,44,0.2,1
572,Orangennektar,,Alkoholfreie Getränke/Süssgetränke;Alkoholfreie Getränke/Frucht- und Gemüsesäfte,44,0,0.4
576,Orangensaft,,Früchte/Fruchtsäfte;Alkoholfreie Getränke/Frucht- und Gemüsesäfte,51,0.5,0.5
577,"Orangensaft, angereichert mit Vitamin C",,Früchte/Fruchtsäfte;Alkoholfreie Getränke/Frucht- und Gemüsesäfte,55,0.5,0.5
708,Palmöl - Palmfett,,Fette und Öle/Öle;Fette und Öle/Fette,799,88.8,0
716,Pancetta,,Fleisch- und Wurstwaren/Rohwurstware,467,43,19.5
202,Panettone,,Süssigkeiten/Sonstige süsse Backwaren,354,10.7,6.4
750,Paniermehl,Semmelmehl,"Getreideprodukte, Hülsenfrüchte und Kartoffeln/Mehle und Stärke",370,1.9,14.2
779,Pantli,,Fleisch- und Wurstwaren/Rohwurstware,538,50,21.1
663,Paprika (Gewürz),,"Verschiedenes/Salz, Gewürze und Aromen",358,13,14.8
279,Paranuss,,"Nüsse, Samen und Ölfrüchte",692,66.5,16.6
845,Pariserbrot,Baguette;Parisette,"Brote, Flocken und Frühstückscerealien/Brote und Brotwaren",254,0.9,9
482,Parmesan,Parmiggiano,Milch und Milchprodukte/Hartkäse,374,25.6,36
986,"Passionsfrucht, roh",Maracuja,Früchte/Früchte frisch,92,0.5,2.2
774,Pâté de campagne,,Fleisch- und Wurstwaren/Kochwurstware,391,36.9,13.2
1017,"Peperoni, grün, gedünstet (ohne Zugabe von Fett und Salz)",,Gemüse/Gemüse gekocht (inkl. Konserven),26,0.4,1
359,"Peperoni, grün, roh",,Gemüse/Gemüse frisch,20,0.3,0.8
1018,"Peperoni, rot, gedünstet (ohne Zugabe von Fett und Salz)",,Gemüse/Gemüse gekocht (inkl. Konserven),42,0.5,1.2
360,"Peperoni, rot, roh",,Gemüse/Gemüse frisch,32,0.4,0.9
373,"Petersilie, roh",Peterli,Gemüse/Kräuter,56,0.5,3.9
463,"Pfefferminze, roh",,Gemüse/Kräuter,49,0.7,3.8
13328,"Pferd, Filet, gebraten (ohne Zusatz von Fett und Salz)",,Fleisch und Innereien/Sonstige Tierarten,141,2.6,29.3
685,"Pferd, Filet, roh",,Fleisch und Innereien/Sonstige Tierarten,103,1.9,21.4
1670,"Pferderagout mit Sauce, zubereitet",Voressen,Gerichte/Sonstige salzige/rezente Gerichte,94,3.3,12.7
624,"Pfirsich, gezuckert (Konserve)",,Früchte/Früchte gekocht (inkl. Konserven),83,0.2,0.4
401,"Pfirsich, roh",,Früchte/Früchte frisch,48,0.2,0.5
625,"Pfirsich, ungezuckert (Konserve)",,Früchte/Früchte gekocht (inkl. Konserven),48,0.2,0.5
1054,"Pflaume, gedünstet, abgetropft (ohne Zugabe von Zucker)",,Früchte/Früchte gekocht (inkl. Konserven),59,0.2,0.7
475,"Pflaume, getrocknet",Dörrpflaume;Backpflaume,Früchte/Früchte getrocknet,204,0.3,2.5
474,"Pflaume, roh",,Früchte/Früchte frisch,48,0.2,0.6
1528,"Pflaumenkuchen, gebacken (mit Blätterteig)",Pflaumenwähe,"Süssigkeiten/Kuchen, Torten und Cake;Gerichte/Kuchen und Gratins",137,6.9,2.5
1530,"Pflaumenkuchen, gebacken (mit Kuchenteig)",,"Süssigkeiten/Kuchen, Torten und Cake;Gerichte/Kuchen und Gratins",129,4.8,2.9
1129,"Pilz (Durchschnitt), gedünstet (ohne Zugabe von Fett und Salz)",,Gemüse/Pilze,31,0.5,2.9
1128,"Pilz (Durchschnitt), roh",,Gemüse/Pilze,25,0.4,2.4
1585,"Pilzrisotto, gekocht",,Gerichte/Sonstige salzige/rezente Gerichte,126,3.6,4
683,"Pilzsauce, gebunden",,Verschiedenes/Saucen,82,4,3.6
688,Pilzsuppe,,Gerichte/Eintöpfe und Suppen,38,1.2,1.1
283,Pinienkerne,,"Nüsse, Samen und Ölfrüchte",594,44.9,31.6
274,Pistazie,,"Nüsse, Samen und Ölfrüchte",580,45.4,20.3
1532,"Pizza al tonno, gebacken",Pizza mit Thon,Gerichte/Italienische Gerichte,227,7.7,12.2
1533,"Pizza Calzone, gebacken",,Gerichte/Italienische Gerichte,226,7.8,11.5
1534,"Pizza Hawaii, gebacken",,Gerichte/Italienische Gerichte,195,6.4,9.5
1535,"Pizza Margherita, gebacken",,Gerichte/Italienische Gerichte,238,8.4,9.9
1540,"Pizza mit Gemüse, gebacken",,Gerichte/Italienische Gerichte,124,3.1,5.6
1536,"Pizza mit Mascarpone und Rucola, gebacken",,Gerichte/Italienische Gerichte,240,9.9,9.6
1537,"Pizza Prosciutto e Funghi, gebacken",Pizza mit Schinken und Pilzen,Gerichte/Italienische Gerichte,205,7,10.6
1538,"Pizza Prosciutto, gebacken",Pizza mit Schinken,Gerichte/Italienische Gerichte,219,6.5,10.6
1539,"Pizza Quattro Formaggi, gebacken",,Gerichte/Italienische Gerichte,297,10.3,12.9
907,"Pizzateig (mit Olivenöl), ungebacken",,"Getreideprodukte, Hülsenfrüchte und Kartoffeln/Teige",229,3.6,7
13319,"Plätzli (Durchschnitt aus Geflügel, Kalb, Rind, Schwein), gebraten (ohne Zusatz von Fett und Salz)",,Fleisch und Innereien,155,3.7,30.4
1101,"Plätzli (Durchschnitt aus Rind, Kalb, Schwein, Geflügel), roh ",,Fleisch und Innereien/Kalb;Fleisch und Innereien/Rind;Fleisch und Innereien/Schwein;Fleisch und Innereien/Geflügel,114,2.7,22.2
10546,"Polenta nera (aus Maisgriess und Buchweizenmehl), gekocht",,"Getreideprodukte, Hülsenfrüchte und Kartoffeln/Mais",103,3.4,4.6
12982,Pommes Chips,,Salzige Snacks/Chips,537,34.7,4.9
12983,Pommes Chips fettreduziert,,Salzige Snacks/Chips,467,21.9,5.9
10450,"Pommes Frites (im Ofen gebacken), ungesalzen",Ofen-Pommes,"Getreideprodukte, Hülsenfrüchte und Kartoffeln/Kartoffeln",230,8.9,3.3
10449,"Pommes Frites (in HO Sonnenblumenöl fritiert), ungesalzen",,"Getreideprodukte, Hülsenfrüchte und Kartoffeln/Kartoffeln",285,15.3,3.2
424,Popcorn,Puffmais,Salzige Snacks/Sonstige salzige Snacks,367,4.2,12
516,"Portwein, 18.5 vol%",Porto,Alkoholhaltige Getränke/Wein,152,0,0.2
21,"Poulet, Brust, mit Haut, roh (Frankreich)",,Fleisch und Innereien/Geflügel,126,3.3,24
20,"Poulet, Brust, mit Haut, roh (Schweiz)",,Fleisch und Innereien/Geflügel,152,6.5,23.3
23,"Poulet, Brust, ohne Haut, roh (Frankreich)",,Fleisch und Innereien/Geflügel,109,0.9,25.2
22,"Poulet, Brust, ohne Haut, roh (Schweiz)",,Fleisch und Innereien/Geflügel,107,1,24.6
13276,"Poulet, Brust, Schnitzel oder Geschnetzeltes, gebraten (ohne Zusatz von Fett und Salz)",,Fleisch und Innereien/Geflügel,131,1.5,28.9
680,"Poulet, Brust, Schnitzel, roh",Geschnetzeltes,Fleisch und Innereien/Geflügel,105,1.2,23.1
13309,"Poulet, ganz, mit Haut, gebraten (ohne Zusatz von Fett und Salz)",,Fleisch und Innereien/Geflügel,224,13.7,25.1
711,"Poulet, ganz, mit Haut, roh",,Fleisch und Innereien/Geflügel,168,10.3,18.8
13310,"Poulet, Schenkel, mit Haut, gebraten (ohne Zusatz von Fett und Salz)",,Fleisch und Innereien/Geflügel,218,13.6,23.9
712,"Poulet, Schenkel, mit Haut, roh",,Fleisch und Innereien/Geflügel,184,12.6,17.6
25,"Poulet, Schenkel, mit Haut, roh (Frankreich)",,Fleisch und Innereien/Geflügel,145,7.5,19.4
24,"Poulet, Schenkel, mit Haut, roh (Schweiz)",,Fleisch und Innereien/Geflügel,163,10.2,17.9
27,"Poulet, Schenkel, ohne Haut, roh (Frankreich)",,Fleisch und Innereien/Geflügel,121,4.3,20.6
26,"Poulet, Schenkel, ohne Haut, roh (Schweiz)",,Fleisch und Innereien/Geflügel,135,6.2,19.7
987,"Preiselbeere, roh",Moosbeere,Früchte/Früchte frisch,40,0.5,0.3
874,Prussien,Palmiers,Süssigkeiten/Guetzli,438,22.4,4.7
806,"Pudding, Caramel",Flan,Süssigkeiten/Cremen und Pudding,125,2.1,3.4
810,"Pudding, Schokolade",Flan,Süssigkeiten/Cremen und Pudding,121,2.6,3
809,"Pudding, Vanille",Flan,Süssigkeiten/Cremen und Pudding,101,2,2.8
571,"Quark, nature, halbfett",,Milch und Milchprodukte/Frischkäse und Quark,99,5,9.6
71,"Quark, nature, mager",,Milch und Milchprodukte/Frischkäse und Quark,62,0.2,10.8
70,"Quark, nature, Rahm",,Milch und Milchprodukte/Frischkäse und Quark,183,15.6,7
1182,"Quarkblätterteig (mit Butter), ungebacken",,"Getreideprodukte, Hülsenfrüchte und Kartoffeln/Teige",401,28.3,7.1
1181,"Quarkblätterteig (mit pflanzlichem Fett), ungebacken",,"Getreideprodukte, Hülsenfrüchte und Kartoffeln/Teige",396,27.7,7.1
1542,"Quiche Lorraine, gebacken (mit Blätterteig)",,Gerichte/Kuchen und Gratins,305,24.9,8.5
1541,"Quiche Lorraine, gebacken (mit Kuchenteig)",,Gerichte/Kuchen und Gratins,293,21.9,9
1055,"Quitte, gekocht, abgetropft (ohne Zugabe von Zucker)",,Früchte/Früchte gekocht (inkl. Konserven),51,0.2,0.4
476,"Quitte, roh",,Früchte/Früchte frisch,41,0.2,0.3
532,Raclettekäse,,Milch und Milchprodukte/Hartkäse,359,27.9,26.4
456,"Radieschen, roh",,Gemüse/Gemüse frisch,16,0.1,1
1195,Rahm (Durchschnitt),,Fette und Öle/Rahm;Milch und Milchprodukte/Rahm und Butter,252,25.4,2.4
694,"Rahmglace, Frucht",Rahmeis,Süssigkeiten/Glacen auf Milchbasis,185,8,3.5
953,Rahmkaramellen,Rahmbonbons,"Süssigkeiten/Bonbons, Frucht- und Kaugummi",351,3.6,0.4
1019,"Rande, gedämpft (ohne Zugabe von Salz)",Rote Beete,Gemüse/Gemüse gekocht (inkl. Konserven),57,0.1,1.9
451,"Rande, roh",Rote Beete,Gemüse/Gemüse frisch,46,0.1,1.5
600,Rapsöl,,Fette und Öle/Öle,809,89.9,0
1069,"Rapsöl HOLL (high oleic, low linolenic)",,Fette und Öle/Öle,810,90,0
1665,"Ratatouille, zubereitet",,Gemüse/Gemüse gekocht (inkl. Konserven),48,2.1,1.5
1203,Rauchsalami,,Fleisch- und Wurstwaren/Rohwurstware,513,47,21.4
533,Reblochon,,Milch und Milchprodukte/Weichkäse,308,25.2,20.3
488,"Reh (Durchschnitt), roh",,Fleisch und Innereien/Wild,122,3.6,22.4
28,"Reh, Ragout, roh",Rehpfeffer,Fleisch und Innereien/Wild,105,1.9,22
29,"Reh, Schnitzel, roh",,Fleisch und Innereien/Wild,105,1.7,22.5
1196,Reibkäse,,Milch und Milchprodukte/Hartkäse,396,29.4,32.3
1065,"Reis parboiled, gekocht in Salzwasser (unjodiert)",,"Getreideprodukte, Hülsenfrüchte und Kartoffeln/Reis",119,0.2,2.4
419,"Reis parboiled, trocken",,"Getreideprodukte, Hülsenfrüchte und Kartoffeln/Reis",349,0.6,6.9
1066,"Reis poliert, gekocht in Salzwasser (unjodiert)",,"Getreideprodukte, Hülsenfrüchte und Kartoffeln/Reis",115,0.2,2.2
427,"Reis poliert, trocken",,"Getreideprodukte, Hülsenfrüchte und Kartoffeln/Reis",348,0.6,6.6
1067,"Reis unpoliert, gekocht in Salzwasser (unjodiert)",Vollkornreis,"Getreideprodukte, Hülsenfrüchte und Kartoffeln/Reis",135,1.1,2.8
428,"Reis unpoliert, trocken",Vollkornreis,"Getreideprodukte, Hülsenfrüchte und Kartoffeln/Reis",357,2.8,7.5
361,"Rettich, roh",,Gemüse/Gemüse frisch,18,0.3,0.6
362,"Rhabarber, roh",,Früchte/Früchte frisch,12,0.1,0.6
1547,"Rhabarberkuchen, gebacken (mit Blätterteig)",Rhabarberwähe,"Süssigkeiten/Kuchen, Torten und Cake;Gerichte/Kuchen und Gratins",113,6.8,2.5
1548,"Rhabarberkuchen, gebacken (mit Kuchenteig)",Rhabarberwähe,"Süssigkeiten/Kuchen, Torten und Cake;Gerichte/Kuchen und Gratins",105,4.7,2.9
1020,"Riesenkürbis, gedämpft (ohne Zugabe von Salz)",,Gemüse/Gemüse gekocht (inkl. Konserven),23,0.1,0.6
480,"Riesenkürbis, roh",,Gemüse/Gemüse frisch,23,0.1,0.6
1072,"Rind, Brust, gekocht (ohne Zugabe von Fett und Salz)",,Fleisch und Innereien/Rind,313,20.8,31.5
719,"Rind, Brust, roh",,Fleisch und Innereien/Rind,188,12.5,18.9
640,"Rind, Eckstück, roh",Plätzli,Fleisch und Innereien/Rind,111,2.3,22.6
13258,"Rind, Entrecôte, medium"" gebraten (ohne Zusatz von Fett und Salz)""",,Fleisch und Innereien/Rind,183,6.2,31.8
720,"Rind, Entrecôte, roh",,Fleisch und Innereien/Rind,138,5.4,22.3
30,"Rind, Entrecôte, roh (Schweiz)",,Fleisch und Innereien/Rind,133,4.5,23.2
31,"Rind, Entrecôte, roh (USA)",,Fleisch und Innereien/Rind,210,13.7,21.7
13262,"Rind, Filet, medium"" gebraten (ohne Zustatz von Fett und Salz)""",,Fleisch und Innereien/Rind,141,2.7,29.2
639,"Rind, Filet, roh",,Fleisch und Innereien/Rind,106,2,21.9
13297,"Rind, Gehacktes, gebraten (ohne Zusatz von Fett und Salz)",Hackfleisch,Fleisch und Innereien/Rind,244,11.9,34.3
6,"Rind, Gehacktes, roh",Hackfleisch,Fleisch und Innereien/Rind,154,7.5,21.6
37,"Rind, Geschnetzeltes, roh",,Fleisch und Innereien/Rind,102,1.5,22.2
648,"Rind, Hals, roh",Voressen;Gulasch,Fleisch und Innereien/Rind,149,8,19.3
32,"Rind, Hohrücken, roh (Schweiz)",,Fleisch und Innereien/Rind,165,9,21.1
33,"Rind, Hohrücken, roh (USA)",,Fleisch und Innereien/Rind,218,15.7,19.3
657,"Rind, Leber, roh",,Fleisch und Innereien/Rind,138,3.9,20.5
34,"Rind, Runder Mocken, roh",Saftplätzli,Fleisch und Innereien/Rind,106,1.8,22.4
1075,"Rind, Schulter, Braten medium"", im Ofen gebraten (ohne Zugabe von Fett und Salz)""",,Fleisch und Innereien/Rind,162,4.7,30
1074,"Rind, Schulter, Braten rare"", im Ofen gebraten (ohne Zugabe von Fett und Salz)""",,Fleisch und Innereien/Rind,150,4.4,27.7
1076,"Rind, Schulter, Braten well done"", im Ofen gebraten (ohne Zugabe von Fett und Salz)""",,Fleisch und Innereien/Rind,189,5.5,34.8
638,"Rind, Schulter, Braten, roh",,Fleisch und Innereien/Rind,117,3.4,21.6
35,"Rind, Siedfleisch, durchzogen,  roh",,Fleisch und Innereien/Rind,227,16.6,19.5
13291,"Rind, Siedfleisch, durchzogen, gekocht (ohne Zusatz von Fett und Salz)",,Fleisch und Innereien/Rind,289,17.7,32.5
13292,"Rind, Siedfleisch, mager, gekocht (ohne Zusatz von Fett and Salz)",,Fleisch und Innereien/Rind,221,9.2,34.5
36,"Rind, Siedfleisch, mager, roh",,Fleisch und Innereien/Rind,132,5.5,20.7
38,"Rind, Voressen, roh",Ragout,Fleisch und Innereien/Rind,96,1.3,21.2
656,"Rind, Zunge, roh",,Fleisch und Innereien/Rind,196,13,16
1103,"Rindfleisch (Durchschnitt exkl. Innereien, Rippensteak), roh",,Fleisch und Innereien/Rind,134,5.4,21.4
1672,"Rindsragout mit Sauce, zubereitet",Voressen,Gerichte/Sonstige salzige/rezente Gerichte,91,3,12.6
701,"Rippli (Nierstück), roh",,Fleisch- und Wurstwaren/Kochwurstware,154,7.3,21.7
1584,"Risotto ohne Käse, gekocht",,"Getreideprodukte, Hülsenfrüchte und Kartoffeln/Reis",123,1.4,2.2
1189,"Ristretto crème, ungezuckert",,Alkoholfreie Getränke/Kaffee,47,4.3,0.8
1677,"Riz Casimir mit Kalbfleisch, zubereitet",,Gerichte/Sonstige salzige/rezente Gerichte,124,3.3,6.9
1675,"Riz Casimir mit Poulet, zubereitet",,Gerichte/Sonstige salzige/rezente Gerichte,126,3.3,7.5
830,Roggenbrot mit Sauerteig,,"Brote, Flocken und Frühstückscerealien/Brote und Brotwaren",210,1,5.2
748,"Roggenmehl, halbweiss, Typ 815",,"Getreideprodukte, Hülsenfrüchte und Kartoffeln/Mehle und Stärke",337,1.2,7.1
752,"Roggenmehl, Ruch, Typ 1050",,"Getreideprodukte, Hülsenfrüchte und Kartoffeln/Mehle und Stärke",333,1.5,7.5
749,"Roggenmehl, Vollkorn, Schrot, Typ 1800",,"Getreideprodukte, Hülsenfrüchte und Kartoffeln/Mehle und Stärke",325,1.7,8.5
846,Roggenschrotbrot,,"Brote, Flocken und Frühstückscerealien/Brote und Brotwaren",228,1.2,6.2
707,Rohessspeck,"Bauernspeck;Bauernspeck, roh, geräuchert",Fleisch- und Wurstwaren/Rohwurstware,400,34.3,22.1
1117,Rohpökelwaren (Durchschnitt),,Fleisch- und Wurstwaren/Rohwurstware,304,21.1,28.1
693,Rohschinken,,Fleisch- und Wurstwaren/Rohwurstware,229,11.5,31
1115,Rohwürste mit abgebrochener Reifung (Durchschnitt),,Fleisch- und Wurstwaren/Rohwurstware,369,33.8,15.6
1114,Rohwürste/Dauerwürste (Durchschnitt),,Fleisch- und Wurstwaren/Rohwurstware,454,40.5,22
429,Rollgerste,Gerstengraupen,"Getreideprodukte, Hülsenfrüchte und Kartoffeln/Sonstige Getreideprodukte",344,1.4,9.6
805,Rollmops,"Hering, sauer",Fisch/Fischerzeugnisse,270,15.9,12
718,Rollschinken,,Fleisch- und Wurstwaren/Kochwurstware,181,10.6,20.3
13333,"Rollschinken, gekocht (ohne Zusatz von Fett und Salz)",,Fleisch- und Wurstwaren/Sonstige Fleisch- und Wurstwaren,227,13.3,25.4
484,Roquefort,,Milch und Milchprodukte/Hartkäse,361,31.7,18.7
1021,"Rosenkohl, gedämpft (ohne Zugabe von Salz)",,Gemüse/Gemüse gekocht (inkl. Konserven),42,0.5,3.8
363,"Rosenkohl, roh",,Gemüse/Gemüse frisch,43,0.5,4
477,"Rosine, getrocknet",Weinbeere;Sultanine,Früchte/Früchte getrocknet,298,0.6,2.5
462,"Rosmarin, roh",,Gemüse/Kräuter,62,2.5,0.8
858,"Rösti, Fertigprodukt",,"Getreideprodukte, Hülsenfrüchte und Kartoffeln/Kartoffeln",117,3.6,2
1022,"Rotkohl, gedünstet (ohne Zugabe von Fett und Salz)",Rotkraut;Blaukraut,Gemüse/Gemüse gekocht (inkl. Konserven),28,0.3,1.3
364,"Rotkohl, roh",Rotkraut;Blaukraut,Gemüse/Gemüse frisch,30,0.3,1.4
829,Ruchbrot,,"Brote, Flocken und Frühstückscerealien/Brote und Brotwaren",234,1.2,9.5
468,"Rucola, roh",Rauke,Gemüse/Gemüse frisch,28,0.7,2.6
916,Rüeblitorte,Rüeblikuchen;Rüeblicake,"Süssigkeiten/Kuchen, Torten und Cake",291,16,9.8
1604,"Rührei mit Champignons, zubereitet",,Gerichte/Sonstige salzige/rezente Gerichte,128,9.3,9.4
1605,"Rührei mit Käse, zubereitet",,Gerichte/Sonstige salzige/rezente Gerichte,159,11.9,11.6
1603,"Rührei mit Kräutern, zubereitet",,Gerichte/Sonstige salzige/rezente Gerichte,143,10.4,10.3
1606,"Rührei mit Schinken, zubereitet",,Gerichte/Sonstige salzige/rezente Gerichte,146,10,12.7
1602,"Rührei, zubereitet",,Gerichte/Sonstige salzige/rezente Gerichte,149,11.2,10.8
901,"Rührteigcake Gleichschwer""""",,"Süssigkeiten/Kuchen, Torten und Cake",431,24.8,6.7
1607,"Russischer Salat, zubereitet",,Gerichte/Salate,198,15.9,2.5
875,"Sablé, Butter",,Süssigkeiten/Guetzli,475,26.2,5.9
783,Salametti,,Fleisch- und Wurstwaren/Rohwurstware,342,31.3,14.8
1094,Salami (Billiglinie),,Fleisch- und Wurstwaren/Rohwurstware,422,37.1,22
1091,Salami Typ Nostrano,,Fleisch- und Wurstwaren/Rohwurstware,367,30.1,24.1
1201,Salatsauce französisch (mit Rapsöl),,Fette und Öle/Salatsaucen,446,46.9,0.7
1200,Salatsauce italienisch (mit Olivenöl),,Fette und Öle/Salatsaucen,472,50.6,0.3
461,"Salbei, roh",,Gemüse/Kräuter,58,2,1.7
1089,Salsiz,,Fleisch- und Wurstwaren/Rohwurstware,415,34.9,25.2
1687,"Saltimbocca, gebraten in HOLL-Rapsöl",,Fleisch und Innereien/Kalb,230,12.1,30.2
1170,"Samen, Kerne, Nüsse (Durchschnitt), ungesalzen",,"Nüsse, Samen und Ölfrüchte",600,50.6,20.3
10562,Samosa frittiert,,Gerichte/Asiatische Gerichte,342,20.4,6.3
10561,Samosa gebacken,,Gerichte/Asiatische Gerichte,310,15.8,6.7
1551,Sandwich (Baguette) mit Aufschnitt,,Gerichte/Sandwiches,152,6.6,5
1505,Sandwich (Baguette) mit Fleischkäse,,Gerichte/Sandwiches,220,9.4,7.9
1559,Sandwich (Baguette) mit Halbhartkäse,,Gerichte/Sandwiches,179,7.6,6.8
1561,Sandwich (Baguette) mit Mozzarella,,Gerichte/Sandwiches,163,6.2,5.8
1549,Sandwich (Baguette) mit Rohschinken,,Gerichte/Sandwiches,164,5.7,8.8
1555,Sandwich (Baguette) mit Salami,,Gerichte/Sandwiches,157,6.4,5.8
1557,Sandwich (Baguette) mit Schinken,,Gerichte/Sandwiches,131,3.7,6.3
1553,Sandwich (Baguette) mit Trockenfleisch,,Gerichte/Sandwiches,141,3.9,7.2
1521,Sandwich (Baguette) mit Weichkäse,,Gerichte/Sandwiches,182,7.6,6.3
1552,Sandwich (Ruchbrot) mit Aufschnitt,,Gerichte/Sandwiches,143,6.4,5.3
1506,Sandwich (Ruchbrot) mit Fleischkäse,,Gerichte/Sandwiches,210,9.5,8.1
1560,Sandwich (Ruchbrot) mit Halbhartkäse,,Gerichte/Sandwiches,172,7.7,7
1562,Sandwich (Ruchbrot) mit Mozzarella,,Gerichte/Sandwiches,155,6.3,6
1550,Sandwich (Ruchbrot) mit Rohschinken,,Gerichte/Sandwiches,157,5.8,9
1556,Sandwich (Ruchbrot) mit Salami,,Gerichte/Sandwiches,151,6.5,5.9
1558,Sandwich (Ruchbrot) mit Schinken,,Gerichte/Sandwiches,125,3.8,6.4
1554,Sandwich (Ruchbrot) mit Trockenfleisch,,Gerichte/Sandwiches,135,4,7.4
1520,Sandwich (Ruchbrot) mit Weichkäse,,Gerichte/Sandwiches,174,7.7,6.5
414,"Sardelle im Öl, abgetropft",,Fisch/Meeresfische,182,8.4,26.4
10532,Sardellenpaste,,Verschiedenes/Aufstriche,272,21.3,19.8
413,"Sardine im Öl, abgetropft",,Fisch/Meeresfische,215,13.7,23
757,"Sardine, roh",,Fisch/Meeresfische,163,9,20.4
781,Saucisse aux choux,,Fleisch- und Wurstwaren/Rohwurstware,362,32.3,15.9
780,Saucisson,,Fleisch- und Wurstwaren/Rohwurstware,467,44.2,16.7
1088,Saucisson vaudois,,Fleisch- und Wurstwaren/Rohwurstware,358,32.3,16.5
13341,"Saucisson, gekocht (ohne Zusatz von Fett und Salz)",,Fleisch- und Wurstwaren/Rohwurstware,550,51.5,20.9
647,"Sauerkraut, in Essig eingelegt",Sauerkohl,Gemüse/Gemüse gekocht (inkl. Konserven),19,0.3,1.3
574,Sauerrahm,Crème fraîche,Fette und Öle/Rahm;Milch und Milchprodukte/Rahm und Butter,335,35,2.3
575,Saurer Halbrahm,,Fette und Öle/Rahm;Milch und Milchprodukte/Rahm und Butter,174,16.6,3
552,Sbrinz,,Milch und Milchprodukte/Hartkäse,417,33.2,28.6
767,"Scampi (Kaisergranat), roh",,"Fisch/Meeresfrüchte, Krusten- und Schalentiere",93,1.3,19.6
13384,"Schafmilch, roh",,Milch und Milchprodukte/Milch,105,7.1,5.6
551,Schaumwein,Sekt;Prosecco;Champagner,Alkoholhaltige Getränke/Wein,70,0,0.2
563,"Schmelzkäse, Scheibe, Rahm",,Milch und Milchprodukte/Käseerzeugnisse,324,30,13.4
558,"Schmelzkäse, Scheibe, viertelfett",,Milch und Milchprodukte/Käseerzeugnisse,158,8.6,20.1
559,"Schmelzkäse, Scheibe, vollfett",,Milch und Milchprodukte/Käseerzeugnisse,305,25,20
565,"Schmelzkäse, streichfähig, Rahm",,Milch und Milchprodukte/Käseerzeugnisse,309,29.4,11.2
560,"Schmelzkäse, streichfähig, viertelfett",,Milch und Milchprodukte/Käseerzeugnisse,161,9.3,19.4
561,"Schmelzkäse, streichfähig, vollfett",,Milch und Milchprodukte/Käseerzeugnisse,255,21.2,16
374,"Schnittlauch, roh",,Gemüse/Kräuter,30,0.6,3
1685,Schnitzelbrot mit Cocktailsauce,Plätzlibrot,Gerichte/Sandwiches,266,11.4,15.1
1686,Schnitzelbrot mit Tartarsauce,Plätzlibrot,Gerichte/Sandwiches,246,10.3,14.4
196,"Schokolade, dunkel (bitter)",,Süssigkeiten/Schokolade und Kakaoerzeugnisse,535,31.8,5.2
197,"Schokolade, weiss",,Süssigkeiten/Schokolade und Kakaoerzeugnisse,568,35.2,6.8
807,Schokoladencrème,,Süssigkeiten/Cremen und Pudding,122,3,3.6
889,Schokoladengugelhopf,,"Süssigkeiten/Kuchen, Torten und Cake",379,18.4,6.2
960,Schokoladenpulver,,Süssigkeiten/Schokolade und Kakaoerzeugnisse;Alkoholfreie Getränke/Kakaogetränke,402,7.8,6.3
415,"Scholle, roh",Goldbutt,Fisch/Meeresfische,86,1.9,17.1
791,Schützenwurst,,Fleisch- und Wurstwaren/Brühwurstware,306,29.5,9.9
883,Schwarzwälder Kirschtorte,,"Süssigkeiten/Kuchen, Torten und Cake",248,16.1,3.9
1023,"Schwarzwurzel, gedämpft (ohne Zugabe von Salz)",,Gemüse/Gemüse gekocht (inkl. Konserven),60,0.4,1.6
452,"Schwarzwurzel, roh",,Gemüse/Gemüse frisch,54,0.4,1.4
39,"Schwein, Brustspitz, roh",,Fleisch und Innereien/Schwein,239,18.6,17.9
13270,"Schwein, Eckstück, Plätzli, gebraten (ohne Zusatz von Fett und Salz)",,Fleisch und Innereien/Schwein,177,4.2,34.8
679,"Schwein, Eckstück, roh",Plätzli,Fleisch und Innereien/Schwein,115,2.7,22.6
13269,"Schwein, Filet, gebraten (ohne Zusatz von Fett und Salz)",,Fleisch und Innereien/Schwein,168,5,30.8
677,"Schwein, Filet, roh",,Fleisch und Innereien/Schwein,121,3.6,22.2
7,"Schwein, Gehacktes, roh",Hackfleisch,Fleisch und Innereien/Schwein,158,8.5,20.5
13285,"Schwein, Geschnetzeltes, gebraten (ohne Zusatz von Fett und Salz)",,Fleisch und Innereien/Schwein,196,7.9,31.3
40,"Schwein, Geschnetzeltes, roh",,Fleisch und Innereien/Schwein,134,5.4,21.3
13284,"Schwein, Hals, Steak, gebraten (ohne Zusatz von Fett und Salz)",,Fleisch und Innereien/Schwein,298,20.7,27.8
41,"Schwein, Hals, Steak, roh",,Fleisch und Innereien/Schwein,202,14.1,18.9
13289,"Schwein, Haxe, geschmort (ohne zusatz von Fett und Salz)",,Fleisch und Innereien/Schwein,267,11.7,39.4
678,"Schwein, Haxe, roh",,Fleisch und Innereien/Schwein,174,7.6,25.6
13283,"Schwein, Kotelett, gebraten (ohne Zusatz von Fett und Salz)",,Fleisch und Innereien/Schwein,276,16,32.9
8,"Schwein, Kotelett, roh",,Fleisch und Innereien/Schwein,179,10.4,21.4
689,"Schwein, Leber, roh",,Fleisch und Innereien/Schwein,130,4.9,20.7
42,"Schwein, Nierstück, roh",,Fleisch und Innereien/Schwein,138,5.1,22.9
43,"Schwein, Runder Mocken, roh",Plätzli,Fleisch und Innereien/Schwein,126,4.9,20.6
1077,"Schwein, Schulter, Braten medium"", im Ofen gebraten (ohne Zugabe von Fett und Salz)""",,Fleisch und Innereien/Schwein,229,11.6,31.1
1079,"Schwein, Schulter, Braten well done"", im Ofen gebraten (ohne Zugabe von Fett und Salz)""",,Fleisch und Innereien/Schwein,292,14.8,39.7
676,"Schwein, Schulter, Braten, roh",,Fleisch und Innereien/Schwein,181,9.2,24.6
9,"Schwein, Voressen, roh",Ragout,Fleisch und Innereien/Schwein,135,5.7,20.9
1102,"Schweinefleisch (Durchschnitt exkl. Innereien, Kotelett, Haxe), roh",,Fleisch und Innereien/Schwein,160,8.3,21.4
594,Schweineschmalz,,Fette und Öle/Fette,891,99,0
1085,Schweinsbratwurst,,Fleisch- und Wurstwaren/Brühwurstware,236,18.8,16.2
1668,"Schweinspiccata, zubereitet",,Gerichte/Sonstige salzige/rezente Gerichte,233,12.8,23.7
1671,"Schweinsragout mit Sauce, zubereitet",,Gerichte/Sonstige salzige/rezente Gerichte,113,5.5,12.4
1086,Schweinswurst,,Fleisch- und Wurstwaren/Brühwurstware,268,22.4,16.2
782,"Schweizer Salami, Schweine- und Rindfleisch",,Fleisch- und Wurstwaren/Rohwurstware,487,43.7,22
760,"Seehecht, roh",,Fisch/Meeresfische,71,0.3,17
754,"Seelachs, roh",Kohlfisch;Köhler;Pollack,Fisch/Meeresfische,80,0.3,19.3
755,"Seezunge, roh",,Fisch/Meeresfische,85,1.1,18.7
1660,"Sellerie-Piccata, zubereitet",,Gerichte/Sonstige salzige/rezente Gerichte,162,11.6,5.3
1655,"Selleriescheiben, paniert, zubereitet",,Gemüse/Gemüse gekocht (inkl. Konserven),138,5.7,5
1463,Semmeli,,"Brote, Flocken und Frühstückscerealien/Brote und Brotwaren",262,0.8,8.9
280,Sesamsamen ungeschält,,"Nüsse, Samen und Ölfrüchte",589,49.8,17.7
515,"Sherry, 18.5 vol%",Jerez,Alkoholhaltige Getränke/Wein,118,0,0.1
1697,"Siedfleischsalat, zubereitet",,Gerichte/Salate,227,17,16.5
494,"Silberzwiebel, in Essig eingelegt",,Gemüse/Gemüse gekocht (inkl. Konserven),28,0.2,0.9
569,Sirup unverdünnt,,Alkoholfreie Getränke/Sirup,371,0.2,0.1
1132,Sirup zubereitet (verdünnt im Verhältnis 1:5.5),,Alkoholfreie Getränke/Sirup;Alkoholfreie Getränke/Süssgetränke,54,0,0
72,"Soja Drink, nature",Sojamilch,Milch und Milchprodukte/Milchersatzprodukte,40,2.2,3.9
1061,"Sojabohne, gekocht (ohne Zugabe von Fett und Salz)",,"Getreideprodukte, Hülsenfrüchte und Kartoffeln/Hülsenfrüchte",173,7,14
442,"Sojabohne, getrocknet",,"Getreideprodukte, Hülsenfrüchte und Kartoffeln/Hülsenfrüchte",387,18.3,38.2
996,"Sojamehl, entfettet",,"Getreideprodukte, Hülsenfrüchte und Kartoffeln/Mehle und Stärke",249,1.2,45.2
995,"Sojamehl, vollfett",,"Getreideprodukte, Hülsenfrüchte und Kartoffeln/Mehle und Stärke",398,20.6,40.8
603,Sojaöl,,Fette und Öle/Öle,809,89.9,0
466,"Sojasprossen, roh",Sojakeime,Gemüse/Sprossen und Keimlinge,55,1,5.5
281,Sonnenblumenkerne,,"Nüsse, Samen und Ölfrüchte",626,53,21.3
598,Sonnenblumenöl,,Fette und Öle/Öle,809,89.9,0
1068,"Sonnenblumenöl HO (high oleic), raffiniert",,Fette und Öle/Öle,810,90,0
892,"Sorbet, Frucht",,Süssigkeiten/Glacen auf Wasserbasis,136,0,0.2
1024,"Spargel, gedämpft (ohne Zugabe von Salz)",,Gemüse/Gemüse gekocht (inkl. Konserven),27,0.2,2.2
443,"Spargel, roh",,Gemüse/Gemüse frisch,27,0.2,2.2
1025,"Spinat, gedämpft (ohne Zugabe von Salz)",,Gemüse/Gemüse gekocht (inkl. Konserven),30,0.5,3.6
365,"Spinat, roh",,Gemüse/Gemüse frisch,23,0.4,2.7
1567,"Spinatkuchen, gebacken (mit Blätterteig)",Spinatwähe,Gerichte/Kuchen und Gratins,178,12.2,5.8
1566,"Spinatkuchen, gebacken (mit Kuchenteig)",Spinatwähe,Gerichte/Kuchen und Gratins,169,10.1,6.1
646,"Spirituosen 40 vol% (z.B. Brandy, Gin)",,Alkoholhaltige Getränke/Spirituosen,221,0,0
917,Spitzbube (Mürbeteiggebäck mit Konfitüre),,Süssigkeiten/Sonstige süsse Backwaren,499,25.6,5.8
843,St. Galler Bürli (halbweiss),,"Brote, Flocken und Frühstückscerealien/Brote und Brotwaren",231,1,9.1
792,St. Galler Schüblig,,Fleisch- und Wurstwaren/Brühwurstware,292,26.3,13.6
570,St. Paulin,,Milch und Milchprodukte/Hartkäse,279,23,18
400,"Stachelbeere, roh",,Früchte/Früchte frisch,34,0.1,0.6
1026,"Stangensellerie, gedämpft (ohne Zugabe von Salz)",,Gemüse/Gemüse gekocht (inkl. Konserven),16,0.1,1
366,"Stangensellerie, roh",,Gemüse/Gemüse frisch,14,0.1,0.9
1040,"Steinpilz, gedünstet (ohne Zugabe von Fett und Salz)",,Gemüse/Pilze,39,0.5,4.4
455,"Steinpilz, roh",,Gemüse/Pilze,32,0.4,3.6
770,Surimi,,Fisch/Fischerzeugnisse,81,0.7,12.6
1609,"Taboulé, zubereitet (mit Bulgur)",,Gerichte/Salate,114,5.5,2.4
1610,"Taboulé, zubereitet (mit Couscous)",,Gerichte/Salate,134,6.1,3
1684,"Tartarsauce, selbst zubereitet mit Rapsöl-Mayonnaise",,Verschiedenes/Saucen,383,40,3.6
803,"Tee, ungezuckert",,Alkoholfreie Getränke/Tee,0,0,0
1062,"Teigwaren mit Ei, gekocht im Salzwasser (unjodiert)",Eierteigwaren,"Getreideprodukte, Hülsenfrüchte und Kartoffeln/Teigwaren",137,1,5
799,"Teigwaren mit Ei, trocken",Eierteigwaren,"Getreideprodukte, Hülsenfrüchte und Kartoffeln/Teigwaren",365,2.8,13.3
1063,"Teigwaren ohne Ei, gekocht im Salzwasser (unjodiert)",,"Getreideprodukte, Hülsenfrüchte und Kartoffeln/Teigwaren",165,0.6,5.8
800,"Teigwaren ohne Ei, trocken",,"Getreideprodukte, Hülsenfrüchte und Kartoffeln/Teigwaren",353,1.2,12.5
1064,"Teigwaren ohne Ei, Vollkorn, gekocht im Salzwasser (unjodiert)",,"Getreideprodukte, Hülsenfrüchte und Kartoffeln/Teigwaren",159,1.2,6.2
801,"Teigwaren ohne Ei, Vollkorn, trocken",,"Getreideprodukte, Hülsenfrüchte und Kartoffeln/Teigwaren",342,2.5,13.4
1611,"Teigwarenauflauf mit Schinken, zubereitet",,Gerichte/Kuchen und Gratins,167,7,10.4
1598,Teigwarensalat mit französischer Sauce,,Gerichte/Salate,131,5.8,5.5
1597,Teigwarensalat mit italienischer Sauce,,Gerichte/Salate,133,6.1,5.4
59,"Teilentrahmte Milch, pasteurisiert",,Milch und Milchprodukte/Milch,57,2.8,3.2
61,"Teilentrahmte Milch, UHT",,Milch und Milchprodukte/Milch,57,2.8,3.4
828,Tessinerbrot,,"Brote, Flocken und Frühstückscerealien/Brote und Brotwaren",323,5.2,10.3
495,Tête de Moine,,Milch und Milchprodukte/Hartkäse,419,35.5,24.7
418,"Thon im Öl, abgetropft",,Fisch/Meeresfische,186,8.4,27.6
417,"Thon im Wasser, abgetropft",,Fisch/Meeresfische,117,1.6,25.6
1613,Thonsalat an Essig-Öl-Sauce (aus Thon im Wasser),,Gerichte/Salate,110,4.8,9
756,"Thunfisch, roh",,Fisch/Meeresfische,149,6.2,23.4
460,"Thymian, roh",,Gemüse/Kräuter,52,1.2,1.5
556,"Tilsiter, pasteurisiert, vollfett",,Milch und Milchprodukte/Hartkäse,353,28,24.6
557,"Tilsiter, Rohmilch, vollfett",,Milch und Milchprodukte/Hartkäse,378,30.2,26.1
887,Tirolercake,,"Süssigkeiten/Kuchen, Torten und Cake",411,23.2,8.1
827,Toastbrot mit Butter,,"Brote, Flocken und Frühstückscerealien/Brote und Brotwaren",316,10.4,8.9
826,Toastbrot mit Pflanzenölen,,"Brote, Flocken und Frühstückscerealien/Brote und Brotwaren",332,12.2,8.9
490,Tofu,,Fleischersatzprodukte,81,4.8,8.1
1027,"Tomate, gedünstet (ohne Zugabe von Fett und Salz)",,Gemüse/Gemüse gekocht (inkl. Konserven),28,0.4,1
637,"Tomate, geschält (Konserve)",Pelati,Gemüse/Gemüse gekocht (inkl. Konserven),19,0.2,0.9
348,"Tomate, roh",,Gemüse/Gemüse frisch,21,0.3,0.8
1617,"Tomatenkuchen, gebacken (mit Blätterteig)",Tomatenwähe,Gerichte/Kuchen und Gratins,156,11.1,3.5
1618,"Tomatenkuchen, gebacken (mit Kuchenteig)",Tomatenwähe,Gerichte/Kuchen und Gratins,146,8.8,3.9
636,Tomatenpüree,Tomatenmark,Gemüse/Gemüse gekocht (inkl. Konserven),77,0.2,4.5
564,Tomatensaft,,Alkoholfreie Getränke/Frucht- und Gemüsesäfte;Gemüse/Gemüsesäfte,15,0,0.8
667,Tomatensauce,,Verschiedenes/Saucen,69,2.1,1.8
670,Tomatensuppe,,Gerichte/Eintöpfe und Suppen,42,1.1,1
615,Tomme,,Milch und Milchprodukte/Weichkäse,286,22.5,20.7
478,"Traube, roh",Weintraube,Früchte/Früchte frisch,69,0.3,0.7
592,Traubenkernöl,,Fette und Öle/Öle,809,89.9,0
573,Traubensaft,,Früchte/Fruchtsäfte;Alkoholfreie Getränke/Frucht- und Gemüsesäfte,62,0.1,0.2
768,Traubenzucker,Glukose;Dextrose,Süssigkeiten/Zucker und Süssstoffe,399,0,0
47,Trinkwasser (Mittelwert Schweiz),,Alkoholfreie Getränke/Trinkwasser,0,0,0
709,Trockenfleisch,Hobelfleisch;Bündnerfleisch,Fleisch- und Wurstwaren/Rohwurstware,190,3.5,39.3
13275,"Truthahn, Brust, Schnitzel oder Geschnetzeltes, grebraten (ohne Zusatz von Fett und Salz)",,Fleisch und Innereien/Geflügel,146,1.8,32.4
713,"Truthahn, Brust, Schnitzel oder Geschnetzeltes, roh",,Fleisch und Innereien/Geflügel,108,1.3,24
534,Vacherin Mont d'Or,,Milch und Milchprodukte/Weichkäse,280,23.2,17.6
922,"Vanillecrème, gekocht",,Süssigkeiten/Cremen und Pudding,140,3.6,3.2
1202,Vinaigrette (mit Rapsöl),,Fette und Öle/Salatsaucen,259,25.2,4.4
1680,Vitello tonnato mit Garnitur,,Fleisch und Innereien/Kalb,179,11,19.2
1679,Vitello tonnato ohne Garnitur,,Fleisch und Innereien/Kalb,208,12.6,23.2
802,Vollkornreiswaffel,,"Brote, Flocken und Frühstückscerealien/Knäckebrote, Zwieback, Crackers und Waffeln",392,2.8,8.2
62,"Vollmilch, pasteurisiert",,Milch und Milchprodukte/Milch,68,4,3.3
63,"Vollmilch, UHT",,Milch und Milchprodukte/Milch,68,4.1,3.3
585,Vollmilchpulver,,Milch und Milchprodukte/Milch,480,26.2,24.7
65,"Vollrahm, pasteurisiert",,Fette und Öle/Rahm;Milch und Milchprodukte/Rahm und Butter,334,34.8,2
66,"Vollrahm, UHT",,Fette und Öle/Rahm;Milch und Milchprodukte/Rahm und Butter,334,34.9,2
692,Vorderschinken,,Fleisch- und Wurstwaren/Kochwurstware,106,3.3,18.6
49,Vorzugsbutter,,Fette und Öle/Fette;Milch und Milchprodukte/Rahm und Butter,746,82.3,0.7
824,Walliser Roggenbrot,,"Brote, Flocken und Frühstückscerealien/Brote und Brotwaren",220,1.1,6.3
10542,Wasabi Paste,,Verschiedenes/Saucen,308,10.6,2.9
893,Wassereis,Wasserglacé,Süssigkeiten/Glacen auf Wasserbasis,88,0,0
402,"Wassermelone, roh",,Früchte/Früchte frisch,30,0.3,0.5
954,"Weichkaramellen, Bonbons",,"Süssigkeiten/Bonbons, Frucht- und Kaugummi",448,17.2,2.1
1197,Weichkäse (Durchschnitt ohne fettreduzierte Varianten),,Milch und Milchprodukte/Weichkäse,324,27.4,19.3
631,"Weichkäse, Doppelrahm",,Milch und Milchprodukte/Weichkäse,363,35,12
509,"Wein rot, 12 vol%",Rotwein,Alkoholhaltige Getränke/Wein,69,0,0.2
10477,"Wein rot, 13.5 vol%",Rotwein,Alkoholhaltige Getränke/Wein,76,0,0
508,"Wein rot, 9 vol%",Rotwein,Alkoholhaltige Getränke/Wein,54,0,0.2
510,"Wein weiss, 11 vol%",Weisswein,Alkoholhaltige Getränke/Wein,70,0,0.1
511,"Wein weiss, 12.5 vol%",Weisswein,Alkoholhaltige Getränke/Wein,71,0,0.2
10478,"Wein weiss, gespritzt, sauer",,Alkoholhaltige Getränke/Wein,35,0,0.1
10479,"Wein weiss, gespritzt, süss",,Alkoholhaltige Getränke/Wein,55,0,0.1
823,Weissbrot,,"Brote, Flocken und Frühstückscerealien/Brote und Brotwaren",242,0.8,8.5
1028,"Weisskohl, gedämpft (ohne Zugabe von Salz)",,Gemüse/Gemüse gekocht (inkl. Konserven),30,0.2,1.4
1029,"Weisskohl, gedünstet (ohne Zugabe von Fett und Salz)",,Gemüse/Gemüse gekocht (inkl. Konserven),32,0.2,1.5
453,"Weisskohl, roh",,Gemüse/Gemüse frisch,30,0.2,1.4
1273,Weisswurst,,Fleisch- und Wurstwaren/Brühwurstware,202,17.7,9.8
734,"Weizen (Weichweizen), ganzes Korn",,"Getreideprodukte, Hülsenfrüchte und Kartoffeln/Sonstige Getreideprodukte",325,1.8,10.9
939,"Weizenflocken, Vollkorn",,"Brote, Flocken und Frühstückscerealien/Flocken, Kleie und Keime",329,2,11.7
430,Weizenkeime,,"Brote, Flocken und Frühstückscerealien/Flocken, Kleie und Keime;Speziallebensmittel/Supplemente",355,10,25
593,Weizenkeimöl,,Fette und Öle/Öle,809,89.9,0
431,Weizenkleie,Speisekleie,"Brote, Flocken und Frühstückscerealien/Flocken, Kleie und Keime",262,4.6,14.9
204,"Weizenmehl (Backmehl), Typ 550",,"Getreideprodukte, Hülsenfrüchte und Kartoffeln/Mehle und Stärke",344,1.3,12
207,"Weizenmehl, halbweiss, Typ 720",,"Getreideprodukte, Hülsenfrüchte und Kartoffeln/Mehle und Stärke",340,1.5,13
203,"Weizenmehl, Ruch, Typ 1100",,"Getreideprodukte, Hülsenfrüchte und Kartoffeln/Mehle und Stärke",339,1.7,13.5
206,"Weizenmehl, Vollkorn, Typ 1700",,"Getreideprodukte, Hülsenfrüchte und Kartoffeln/Mehle und Stärke",338,2,13.5
205,"Weizenmehl, weiss, Typ 400",,"Getreideprodukte, Hülsenfrüchte und Kartoffeln/Mehle und Stärke",346,1.1,11.5
1588,"Weizenotto, gekocht",,Gerichte/Sonstige salzige/rezente Gerichte,171,3,5.1
897,Weizenstärke,,"Getreideprodukte, Hülsenfrüchte und Kartoffeln/Mehle und Stärke;Verschiedenes/Gelier- und Bindemittel",348,0.1,0.4
821,Weizenvollkornbrot,Grahambrot,"Brote, Flocken und Frühstückscerealien/Brote und Brotwaren",213,1.3,8.6
514,"Wermut, 15 vol%",Wermutwein;Wermuth;Vermouth,Alkoholhaltige Getränke/Wein,139,0,0.1
1082,Wienerli,,Fleisch- und Wurstwaren/Brühwurstware,242,20.4,13.9
1589,"Wienerli, gekocht",,Fleisch- und Wurstwaren/Brühwurstware,235,19.8,13.5
13281,"Wildfleisch (Durchschnitt), gekocht (ohne Zusatz von Fett und Salz)",,Fleisch und Innereien/Wild,158,4.7,28.9
1125,"Wildfleisch (Durchschnitt), roh",,Fleisch und Innereien/Wild,115,3.4,21.1
796,Wildfleischterrine,,Fleisch und Innereien/Wild,286,23,17.3
489,"Wildschwein (Durchschnitt), roh",,Fleisch und Innereien/Wild,109,3.4,19.5
1030,"Wirz, gedämpft (ohne Zugabe von Salz)",Wirsingkohl,Gemüse/Gemüse gekocht (inkl. Konserven),31,0.3,2.8
454,"Wirz, roh",Wirsingkohl,Gemüse/Gemüse frisch,31,0.3,2.8
1569,"Wurst-Käse-Salat, zubereitet",,Gerichte/Salate,264,22.6,13.9
1568,"Wurstsalat, zubereitet",,Gerichte/Salate,226,21,7.1
1162,"Wurzel- und Knollengemüse (Durchschnitt), gedämpft (ohne Zugabe von Salz)",,Gemüse/Gemüse gekocht (inkl. Konserven),40,0.3,1.1
1163,"Wurzel- und Knollengemüse (Durchschnitt), gedünstet (ohne Zugabe von Fett und Salz)",,Gemüse/Gemüse gekocht (inkl. Konserven),35,0.3,1
1161,"Wurzel- und Knollengemüse (Durchschnitt), gekocht (ohne Zugabe von Fett und Salz)",,Gemüse/Gemüse gekocht (inkl. Konserven),38,0.3,1
1267,"Wurzel- und Knollengemüse (Durchschnitt), roh",,Gemüse/Gemüse frisch,36,0.3,1
759,Zampone,Gefüllter Schweinsfuss,Fleisch und Innereien/Schwein,361,31.6,19.1
687,"Ziege (Durchschnitt), roh",,Fleisch und Innereien/Sonstige Tierarten,149,7.9,19.5
528,Ziegenmilch,,Milch und Milchprodukte/Milch,57,3.2,2.8
506,Ziger weiss,,Milch und Milchprodukte/Frischkäse und Quark,123,7.2,11.1
876,Zimtstern,,Süssigkeiten/Guetzli,481,24.9,11.9
398,"Zitrone, roh",,Früchte/Früchte frisch,22,0.4,0.8
605,Zitronensaft,,Früchte/Fruchtsäfte;Alkoholfreie Getränke/Frucht- und Gemüsesäfte,30,0.3,0.4
1126,"Zitrusfrüchte (Durchschnitt), roh",,Früchte/Früchte frisch,41,0.2,0.8
1661,"Zucchetti-Piccata, zubereitet",,Gerichte/Sonstige salzige/rezente Gerichte,151,11.3,5.4
1031,"Zucchetti, gedünstet (ohne Zugabe von Fett und Salz)",Zucchini,Gemüse/Gemüse gekocht (inkl. Konserven),25,0.3,2.4
367,"Zucchetti, roh",Zucchini,Gemüse/Gemüse frisch,19,0.2,1.8
1657,"Zucchettischeiben, paniert, zubereitet",,Gerichte/Sonstige salzige/rezente Gerichte,128,5.6,5.2
471,"Zucker, braun",,Süssigkeiten/Zucker und Süssstoffe,390,0,0
470,"Zucker, weiss",Kristallzucker;Saccharose,Süssigkeiten/Zucker und Süssstoffe,400,0,0
465,"Zuckerhutsalat, roh",,Gemüse/Gemüse frisch,16,0.2,1.2
632,Zuckermais (Konserve),,Gemüse/Gemüse gekocht (inkl. Konserven),100,1.2,3
1033,"Zuckermais (Konserve), aufgewärmt (ohne Zugabe von Salz)",,Gemüse/Gemüse gekocht (inkl. Konserven),107,1.3,3.2
882,Zuger Kirschtorte,,"Süssigkeiten/Kuchen, Torten und Cake",335,18.7,4.8
10378,"Zunge (Durchschnitt aus Kalb und Rind), roh",,Fleisch und Innereien/Kalb;Fleisch und Innereien/Rind,188,12.3,16.6
1056,"Zwetschge, gedünstet, abgetropft (ohne Zugabe von Zucker)",,Früchte/Früchte gekocht (inkl. Konserven),53,0.1,0.7
479,"Zwetschge, roh",,Früchte/Früchte frisch,43,0.1,0.6
1529,"Zwetschgenkuchen, gebacken (mit Blätterteig)",Zwetschgenwähe,"Süssigkeiten/Kuchen, Torten und Cake;Gerichte/Kuchen und Gratins",133,6.8,2.5
1531,"Zwetschgenkuchen, gebacken (mit Kuchenteig)",Zwetschgenwähe,"Süssigkeiten/Kuchen, Torten und Cake;Gerichte/Kuchen und Gratins",125,4.7,2.9
930,Zwieback,,"Brote, Flocken und Frühstückscerealien/Knäckebrote, Zwieback, Crackers und Waffeln",428,9.5,14.7
929,"Zwieback, Vollkorn",,"Brote, Flocken und Frühstückscerealien/Knäckebrote, Zwieback, Crackers und Waffeln",412,9,17.7
1035,"Zwiebel, gedünstet (ohne Zugabe von Fett und Salz)",,Gemüse/Gemüse gekocht (inkl. Konserven),46,0.2,1.6
1036,"Zwiebel, geröstet (ohne Zugabe von Fett und Salz)",,Gemüse/Gemüse gekocht (inkl. Konserven),92,0.5,3.1
368,"Zwiebel, roh",,Gemüse/Gemüse frisch,39,0.2,1.3
1615,"Zwiebelkuchen, gebacken (mit Blätterteig)",Zwiebelwähe,Gerichte/Kuchen und Gratins,178,11.5,4.6
1616,"Zwiebelkuchen, gebacken (mit Kuchenteig)",Zwiebelwähe,Gerichte/Kuchen und Gratins,171,9.6,5